735600,2014,1,1,1,,,0,10.6350087,13.4761428,7.89360375,11.2181545,10.6388122,12.4797689,NA
735601,2014,1,2,1,,,0,1.98536,1.79268,1.79268,2.57804,1.8,1.98536,NA
735602,2014,1,3,0,,,0,0,0,0,0,0,0,NA
735603,2014,1,4,1,,,0,3.34292794,5.90557479,3.1634,1.97438,1.78536,6.88996975,NA
735604,2014,1,5,1,,,0,0.8,0.8,1.79268,1.2,1.4,1,NA
735605,2014,1,6,0,,,0,0,0,0,0.2,0,0.2,NA
735606,2014,1,7,0,,,0,0,0,0,0,0,0,NA
735607,2014,1,8,1,,,0,1.57349791,0,5.11932949,13.569402,0.39268,9.90370017,NA
735608,2014,1,9,1,,,17,12.2073896,9.28480965,15.2400567,11.2610788,6.29898212,0.2,NA
735609,2014,1,10,0,,,0,0.4,0.78902,0,0,0.4,0.98536,NA
735610,2014,1,11,1,,,0,1.57804,0.78902,4.13729943,1.77438,1.76816745,1.18536,NA
735611,2014,1,12,1,,,7,0.78902,2.56018797,3.35083326,0.2,2.9544601,2.75687624,NA
735612,2014,1,13,1,Inundacao,Inamar,0,15.3134511,12.3673012,22.4702743,24.5548682,25.0455512,12.5564706,NA
735613,2014,1,14,1,,,0,5.31197394,7.0714593,16.3313403,12.7926419,19.3313499,8.24994,NA
735614,2014,1,15,1,,,26,36.6235159,45.0571331,27.981484,29.511863,51.7285697,43.4081089,NA
735615,2014,1,16,1,Alagamento,Conceicao,23.2,51.0286578,45.399868,40.8051369,286.159669,43.6919569,48.1397906,NA
735615,2014,1,16,1,Alagamento,Canhema,23.2,51.0286578,45.399868,40.8051369,286.159669,43.6919569,48.1397906,NA
735615,2014,1,16,1,Desabamento,Conceicao,23.2,51.0286578,45.399868,40.8051369,286.159669,43.6919569,48.1397906,NA
735615,2014,1,16,1,Alagamento,Piraporinha,23.2,51.0286578,45.399868,40.8051369,286.159669,43.6919569,48.1397906,NA
735616,2014,1,17,1,,,0,4.52429973,4.91020308,1.77804,1.77072,2.75974,5.31072072,NA
735617,2014,1,18,0,,,0,0,0,0,0,0,0,NA
735618,2014,1,19,0,,,0,0,0,0,0,0,0,NA
735619,2014,1,20,0,Alagamento,Campanario,0,0,0,0,0,0,0,NA
735620,2014,1,21,1,,,0,19.9037161,17.3698956,24.6080857,13.1911252,19.8826729,19.2193738,NA
735621,2014,1,22,0,,,0,0,0,0,0,0,0,NA
735622,2014,1,23,1,,,0,32.1178239,48.3775659,23.2291104,19.4929551,36.4935514,48.3998827,NA
735623,2014,1,24,1,,,63,31.1622656,34.418221,6.49376906,15.7556158,8.84565839,34.9648059,NA
735624,2014,1,25,1,,,39,0,0,0,0,0,0,NA
735625,2014,1,26,0,,,0,0,0,0,0,0,0,NA
735626,2014,1,27,0,Desabamento,Canhema,0,0,0,0,0,0,0,NA
735627,2014,1,28,0,,,0,0,0,0,0,0,0,NA
735628,2014,1,29,0,,,0,0,0,0,0,0,0,NA
735629,2014,1,30,0,,,0,0,0,0,0,0,0,NA
735630,2014,1,31,0,,,0,0,0,0,0,0,0,NA
735631,2014,2,1,0,,,0,0,0,0,0,0,0,NA
735632,2014,2,2,0,,,0,0,0,0,0,0,0,NA
735633,2014,2,3,0,,,0,0,0,0,0,0,0,NA
735634,2014,2,4,0,,,0,0,0,0,0,0,0,NA
735635,2014,2,5,0,,,0,0,0,0,0,0,0,NA
735636,2014,2,6,0,,,0,0,0,0,0,0,0,NA
735637,2014,2,7,0,,,0,0,0,0,0,0,0,NA
735638,2014,2,8,0,,,0,0,0,0,0,0,0,NA
735639,2014,2,9,0,,,0,0,0,0,0.2,0,0,NA
735640,2014,2,10,0,Deslizamento,Centro,0,0,0,0,0,0,0,NA
735641,2014,2,11,0,,,0,0,0,0,0,0,0,NA
735642,2014,2,12,0,,,0,0,0,0,0,0,0,NA
735643,2014,2,13,1,,,0,5.70796148,4.730764,1.77277933,7.48210656,1.58272005,5.13834511,NA
735644,2014,2,14,1,,,6.5,0.6,0.78902,0,0,0,1.57952412,NA
735645,2014,2,15,1,,,6.4,2.38536,5.33412,4.97438,2.78536,3.59268,4.9451,NA
735646,2014,2,16,1,,,0,14.1832611,14.7708081,11.6313834,20.684261,16.1760052,13.4039951,NA
735647,2014,2,17,1,,,32,11.619575,10.4335224,15.5647638,16.1470362,11.4201598,10.4236901,NA
735648,2014,2,18,1,,,0.6,0.2,0.2,1.37804,0.8,0.8,0,NA
735649,2014,2,19,0,,,0,0,0,0,0,0,0,NA
735650,2014,2,20,0,,,0,0,0,0,0,0,0,NA
735651,2014,2,21,1,,,0,0.4,0,2.95695601,0.2,0,0,NA
735652,2014,2,22,1,,,0,0.79268,0.98536,1.18536,1.3817,0.6,1.19268,NA
735653,2014,2,23,0,,,0,0,0,0,0,0,0,NA
735654,2014,2,24,0,,,0,0.39268,0.2,0.2,0.593114856,0.4,0.39268,NA
735655,2014,2,25,1,,,0,2.79268,2.39268,2.97072,6.92127968,2.5817,2.79268,NA
735656,2014,2,26,1,Solapamento,Conceicao,1.9,0.2,0.4,0.4,8.67028423,0.2,0.4,NA
735657,2014,2,27,1,,,0,0.593717926,0.2,5.31678206,0.2,1.18355974,0.2,NA
735658,2014,2,28,1,,,0,4.33929403,5.12271046,2.7710964,4.34200898,3.15242,5.13299277,NA
735659,2014,3,1,1,,,24.8,12.8009093,12.2066603,11.6271121,10.6375156,10.8250449,16.9582997,NA
735660,2014,3,2,1,,,0,0.59268,0.39268,0.790634935,0.59268,0.6,2.16706,NA
735661,2014,3,3,1,,,0,1.38536,2.55541198,0.99268,2.16723175,0.98902,0.2,NA
735662,2014,3,4,1,,,0,1.78200901,4.14849518,0.2,0.6,0.99268,5.12349184,NA
735663,2014,3,5,1,,,4.3,14.9658314,16.3467379,24.1961676,13.9806814,26.5716055,16.7387116,NA
735664,2014,3,6,0,,,0,0,0.2,0,0,0.2,0,NA
735665,2014,3,7,1,,,0,46.6337798,32.6565774,33.6895534,54.800649,53.0171336,51.6414122,NA
735666,2014,3,8,1,,,71.6,10.26824,11.04628,11.2353,8.88654,10.65726,11.4283851,NA
735667,2014,3,9,1,,,6.8,0,0,0,0,0,0,NA
735668,2014,3,10,0,,,0,0,0,0,0,0,0,NA
735669,2014,3,11,1,,,0,17.537919,18.5446023,25.5955583,19.2994312,27.8979184,22.8893426,NA
735670,2014,3,12,1,Alagamento,Eldorado,0,77.8133895,59.4829293,123.974245,62.3753697,89.6389212,75.7372975,NA
735670,2014,3,12,1,Solapamento,Casa Grande,0,77.8133895,59.4829293,123.974245,62.3753697,89.6389212,75.7372975,NA
735670,2014,3,12,1,Alagamento,Piraporinha,0,77.8133895,59.4829293,123.974245,62.3753697,89.6389212,75.7372975,NA
735670,2014,3,12,1,Inundacao,Centro,0,77.8133895,59.4829293,123.974245,62.3753697,89.6389212,75.7372975,NA
735671,2014,3,13,1,Alagamento,Campanario,95.4,8.08652683,0.4,25.5144793,28.5439934,3.34162965,0.789664728,NA
735672,2014,3,14,1,,,9.8,2.3634,2.1634,4.7317811,7.08881425,2.96381112,2.55615052,NA
735673,2014,3,15,0,,,0,0,0,0.2,0,0.2,0,NA
735674,2014,3,16,0,,,0,0,0,0,0,0,0,NA
735675,2014,3,17,0,,,0,0,0,0,0,0,0,NA
735676,2014,3,18,1,,,0,5.1410811,19.2306623,3.34168627,3.5378266,4.32384985,11.9612291,NA
735677,2014,3,19,1,,,0,7.4805426,7.482224,1.77810263,5.71218415,1.18974247,7.08877297,NA
735678,2014,3,20,1,,,0.6,7.29783077,7.09606989,4.53527536,7.89397334,5.13377605,7.31085797,NA
735679,2014,3,21,1,,,0,9.65089419,8.87302862,7.48880188,11.6820469,10.2573951,10.7616775,NA
735680,2014,3,22,1,,,3.2,0.4,0,1.37804,0.4,0.2,1.18902,NA
735681,2014,3,23,1,,,4.5,4.38536,4.57072,9.29386,5.55974,7.33412,2.97804,NA
735682,2014,3,24,0,,,0,0,0,0,0,0,0,NA
735683,2014,3,25,0,,,0,0,0,0.2,0,0,0,NA
735684,2014,3,26,0,,,0,0,0,0,0,0.2,0,NA
735685,2014,3,27,1,,,0,2.56213805,1.77275678,0,1.96723613,0,2.1680575,NA
735686,2014,3,28,0,,,0,0,0.2,0,0,0,0,NA
735687,2014,3,29,0,,,0,0,0,0,0,0,0,NA
735688,2014,3,30,1,Alagamento,Eldorado,0,22.4134767,23.4115626,34.854705,19.6780363,27.7432786,26.0240214,NA
735689,2014,3,31,1,,,0,10.0509733,4.54190795,8.98392469,3.9378582,2.18151618,5.32835366,NA
735690,2014,4,1,1,,,11.9,3.94727279,7.12716132,0,0,0.2,8.34478781,NA
735691,2014,4,2,0,Solapamento,Serraria,0,0,0,0.2,0,0,0,NA
735692,2014,4,3,1,,,0,0.2,0,0.4,0.2,0,2.96961529,NA
735693,2014,4,4,1,,,6.3,2.36738202,2.5634,2.97804,2.97072,3.37072,0,NA
735694,2014,4,5,0,,,0,0,0,0,0,0,0,NA
735695,2014,4,6,0,,,0,0,0,0,0,0,0,NA
735696,2014,4,7,0,,,0,0,0,0,0,0,0,NA
735697,2014,4,8,0,,,0,0,0,0,0,0,0,NA
735698,2014,4,9,0,Solapamento,Taboao,0,0,0,0,0,0,0,NA
735699,2014,4,10,0,,,0,0,0,0,0,0,0,NA
735700,2014,4,11,1,,,0,0,0,0,0,0,12.8582802,NA
735701,2014,4,12,1,Alagamento,Campanario,0,20.8792708,19.9234137,18.1089928,26.2367463,17.9065301,15.3414419,NA
735702,2014,4,13,1,,,52,27.1632821,23.6161963,13.9649089,22.4207893,21.4540586,41.0972507,NA
735703,2014,4,14,1,,,0,0.8,1,1.99268,2,1.4,0,NA
735704,2014,4,15,1,,,0,16.5380366,11.62432,8.89752,10.45726,11.82798,0,NA
735705,2014,4,16,1,,,6.4,2.37072,2.55974,1.2,1.9817,1.58536,0,NA
735706,2014,4,17,0,,,0,0,0,0,0,0,0,NA
735707,2014,4,18,0,,,0,0,0,0,0,0,0,NA
735708,2014,4,19,0,,,0,0,0,0,0,0,0,NA
735709,2014,4,20,1,,,0,2.3817,2.16706,2.97438,2.97804,2.77816413,2.18902,NA
735710,2014,4,21,0,,,0,0.2,0.2,0.8,0.4,0.4,0.2,NA
735711,2014,4,22,0,,,0,0,0,0,0,0,0,NA
735712,2014,4,23,0,,,0,0,0,0.2,0,0,0,NA
735713,2014,4,24,1,,,0,1.8,1.4,4.17072,2,2.4,2.59268,NA
735714,2014,4,25,1,,,0,0.4,0.6,1.39268,0.2,0.8,0,NA
735715,2014,4,26,1,,,0,0.79268,0.39268,1.2,1,0.4,0.79268,NA
735716,2014,4,27,0,,,0,0,0,0.2,0,0,0.2,NA
735717,2014,4,28,0,,,0,0,0,0.2,0,0.2,0,NA
735718,2014,4,29,0,,,0,0,0,0,0,0,0,NA
735719,2014,4,30,0,,,0,0,0,0,0,0,0,NA
735720,2014,5,1,0,,,0,0,0,0,0,0,0,NA
735721,2014,5,2,0,,,0,0,0,0,0,0,0,NA
735722,2014,5,3,0,,,0,0,0,0,0,0,0,NA
735723,2014,5,4,0,,,0,0,0,0,0,0,0,NA
735724,2014,5,5,0,,,0,0,0,0,0,0,0,NA
735725,2014,5,6,0,,,0,0,0,0,0,0,0,NA
735726,2014,5,7,0,,,0,0,0,0,0,0,0,NA
735727,2014,5,8,0,,,0,0,0,0,0,0,0,NA
735728,2014,5,9,0,,,0,0,0,0,0,0,0,NA
735729,2014,5,10,1,,,0,0.58902,0.98536,0.6,1.19268,0.6,0.59268,NA
735730,2014,5,11,1,,,0,0.4,0,1,0.2,0.2,0.2,NA
735731,2014,5,12,0,,,0,0,0,0,0,0,0,NA
735732,2014,5,13,0,Solapamento,Taboao,0,0,0,0,0,0,0,NA
735733,2014,5,14,0,,,0,0,0,0,0,0,0,NA
735734,2014,5,15,0,,,0,0,0,0,0,0,0,NA
735735,2014,5,16,0,,,0,0,0,0.2,0,0,0,NA
735736,2014,5,17,0,,,0,0,0,0,0,0,0,NA
735737,2014,5,18,1,,,0,1.4,1.59268,1.38536,0.99268,1.58536,1.98551823,NA
735738,2014,5,19,0,,,0,0,0,0.2,0.2,0,0,NA
735739,2014,5,20,0,,,0,0,0,0,0,0,0,NA
735740,2014,5,21,0,,,0,0,0,0,0,0,0,NA
735741,2014,5,22,1,,,0,10.2424404,10.8204818,12.1945458,11.0270573,15.7906269,10.2651127,NA
735742,2014,5,23,1,,,0,15.2334506,14.647213,13.2795158,14.6614363,14.66458,14.4076352,NA
735743,2014,5,24,1,,,13.4,8.55984803,9.1268,10.13778,9.93046,10.9085,4.19268,NA
735744,2014,5,25,1,,,0.3,12.05726,12.0537377,12.4426298,11.07556,11.6792997,13.2115346,NA
735745,2014,5,26,1,,,0,0.4,0.4,0.4,0.6,0.6,2.17804,NA
735746,2014,5,27,1,,,0,1.2,1.79268,1.6,1.8,1.6,0,NA
735747,2014,5,28,1,,,0,1.38902,1.4,1.8,2,1.8,3.17152774,NA
735748,2014,5,29,1,,,0,1.4,2,2.38536,1.39268,2.39268,0,NA
735749,2014,5,30,0,,,0,0,0,0,0,0,0,NA
735750,2014,5,31,0,,,0,0,0,0,0,0,0,NA
735751,2014,6,1,0,,,0,0,0,0,0,0,0,NA
735752,2014,6,2,0,,,0,0,0,0,0,0,0,NA
735753,2014,6,3,0,,,0,0,0,0,0,0,0,NA
735754,2014,6,4,0,,,0,0,0,0,0,0,0,NA
735755,2014,6,5,1,,,0,0,0,0,0,0,7.67830298,NA
735756,2014,6,6,1,,,0,25.1975999,23.227089,31.0825614,25.9757968,25.5770629,0,NA
735757,2014,6,7,0,,,0,0,0,0,0.2,0,0,NA
735758,2014,6,8,0,,,0,0,0,0,0,0,0,NA
735759,2014,6,9,1,,,0,0,0,0,0,0,2.57438,NA
735760,2014,6,10,1,,,0,0.6,1,2.6,1.2,2,0,NA
735761,2014,6,11,1,,,0,1.39268,1.19268,1.59268,0.6,1.2,0,NA
735762,2014,6,12,0,,,0,0.2,0,0,0.2,0,0,NA
735763,2014,6,13,0,,,0,0,0,0,0,0,0,NA
735764,2014,6,14,0,,,0,0,0,0,0,0,0,NA
735765,2014,6,15,0,,,0,0,0,0,0,0,0,NA
735766,2014,6,16,0,,,0,0,0,0,0,0,0,NA
735767,2014,6,17,1,,,0,0,0,0.2,2,0,0,NA
735768,2014,6,18,1,,,0,0.59268,0.79268,0,0,0.2,2.38902,NA
735769,2014,6,19,1,,,0,2.6,2,3.2,0,2.6,0.8,NA
735770,2014,6,20,1,,,0,0.4,0.4,1,0,0.8,0.4,NA
735771,2014,6,21,0,,,0,0,0,0,0,0,0,NA
735772,2014,6,22,0,,,0,0,0,0,0,0,0,NA
735773,2014,6,23,0,,,0,0,0,0,0,0,0,NA
735774,2014,6,24,0,,,0,0,0,0,0,0,0,NA
735775,2014,6,25,0,,,0,0,0,0,0,0,0,NA
735776,2014,6,26,0,,,0,0,0,0,0,0,0,NA
735777,2014,6,27,0,,,0,0,0,0,0,0,0,NA
735778,2014,6,28,0,,,0,0,0,0,0,0,0,NA
735779,2014,6,29,0,,,0,0,0,0,0,0,0,NA
735780,2014,6,30,0,,,0,0,0,0,0,0,NA,NA
735781,2014,7,1,0,,,0,0,0,0,NA,0,0,NA
735782,2014,7,2,0,,,0,0,0,0,NA,0,0,NA
735783,2014,7,3,1,,,0,0,0,0,NA,0,1.18536,NA
735784,2014,7,4,0,,,0,0,0,0,NA,0,0,NA
735785,2014,7,5,0,,,0,0,0,0,NA,0,0,NA
735786,2014,7,6,0,,,0,0,0,0,NA,0,0,NA
735787,2014,7,7,0,,,0,0,0,0,NA,0,0,NA
735788,2014,7,8,1,,,0.4,2.97072,2.77804,4.18902,NA,3.3817,11.6363971,NA
735789,2014,7,9,1,,,0,11.8656136,8.07173108,3.74144,NA,3.1451,3.74144,NA
735790,2014,7,10,1,,,16,15.8119555,15.4131289,14.3942498,NA,11.2719,0,NA
735791,2014,7,11,1,,,20.2,2.39268,2.6,3.98536,NA,3.59268,2.58536,NA
735792,2014,7,12,0,,,0,0,0,0.2,NA,0,0,NA
735793,2014,7,13,0,,,0,0,0,0,NA,0,0,NA
735794,2014,7,14,0,,,0,0,0,0,NA,0,0,NA
735795,2014,7,15,0,,,0,0,0,0,NA,0,0,NA
735796,2014,7,16,0,,,0,0,0,0,NA,0,0,NA
735797,2014,7,17,0,,,0,0,0,0,NA,0,0,NA
735798,2014,7,18,1,,,0,0,0,2,NA,3.15242786,0,NA
735799,2014,7,19,0,,,0,0.2,0,0,NA,0,0,NA
735800,2014,7,20,0,,,0,0,0,0,NA,0,0,NA
735801,2014,7,21,0,,,0,0,0,0,NA,0,0,NA
735802,2014,7,22,0,,,0,0,0,0,NA,0,0,NA
735803,2014,7,23,0,,,0,0,0,0,NA,0,0,NA
735804,2014,7,24,1,,,0,0,0,0,NA,0,6.53480666,NA
735805,2014,7,25,1,,,4.7,4.56069004,4.57279585,3.95608,NA,3.9634,0,NA
735806,2014,7,26,1,,,0,1.79268,1.59268,0.8,NA,1.2,0,NA
735807,2014,7,27,1,,,0.2,1.18536,1.8,2.3817,NA,1.79268,0,NA
735808,2014,7,28,1,,,1.3,0,0,1,NA,0.6,0,NA
735809,2014,7,29,0,,,0,0,0,0,NA,0,NA,NA
735810,2014,7,30,0,,,0,0,0,0,NA,0,NA,NA
735811,2014,7,31,0,,,0,0,0,0,NA,0,NA,NA
735812,2014,8,1,0,,,0,0.2,0,0,NA,0,0,NA
735813,2014,8,2,1,,,0,0,0,0,NA,0,18.3049402,NA
735814,2014,8,3,0,,,0,0,0,0,NA,0,NA,NA
735815,2014,8,4,0,,,0,0,0,0,NA,0,NA,NA
735816,2014,8,5,1,,,0.1,0.4,0.4,0.8,NA,1,NA,NA
735817,2014,8,6,0,,,0,0,0,0,NA,0,NA,NA
735818,2014,8,7,0,,,0,0,0,0,NA,0,NA,NA
735819,2014,8,8,0,,,0,0.8,0.6,0.6,NA,0.4,NA,NA
735820,2014,8,9,1,,,0.2,1,1,3,NA,1.8,NA,NA
735821,2014,8,10,0,,,0.1,0,0,0,NA,0,NA,NA
735822,2014,8,11,0,,,0,0,0,0,NA,0,NA,NA
735823,2014,8,12,0,,,0,0,0,0,NA,0,NA,NA
735824,2014,8,13,1,,,0,16.5868625,17.1634582,17.9655829,NA,18.930538,NA,NA
735825,2014,8,14,1,Deslizamento,Centro,23.4,1.19268,1.39268,1.39268,NA,1.2,NA,NA
735826,2014,8,15,0,,,0,0,0,0,NA,0,NA,NA
735827,2014,8,16,1,,,0,1.97894032,2.16706,4.52459963,NA,2.56397078,NA,NA
735828,2014,8,17,1,,,1.5,1.37804,1.38536,0.6,NA,1.19268,NA,NA
735829,2014,8,18,0,,,0.2,0,0,0,NA,0,NA,NA
735830,2014,8,19,0,,,0,0,0,0,NA,0,NA,NA
735831,2014,8,20,0,,,0,0,0,0,NA,0,NA,NA
735832,2014,8,21,0,,,0,0,0,0,NA,0,NA,NA
735833,2014,8,22,0,,,0,0,0,0,NA,0,NA,NA
735834,2014,8,23,0,,,0,0,0,0,NA,0,NA,NA
735835,2014,8,24,0,,,0,0,0,0,NA,0,NA,NA
735836,2014,8,25,0,,,0,0,0,0,NA,0,NA,NA
735837,2014,8,26,1,,,0,4.33494956,3.14737249,6.10746845,NA,7.09751169,NA,NA
735838,2014,8,27,1,,,5.5,2.59145363,3.99927731,0.4,NA,1.1817,NA,NA
735839,2014,8,28,1,,,3.4,4.76181936,3.75725823,2.19393475,NA,5.32111377,NA,NA
735840,2014,8,29,0,,,0,0,0,0,NA,0,NA,NA
735841,2014,8,30,0,,,0,0,0,0,NA,0,NA,NA
735842,2014,8,31,1,,,0,4.14514402,4.3422127,4.34188266,NA,5.32010258,NA,NA
735843,2014,9,1,1,,,0.2,8.46461873,7.67136378,7.07922,NA,6.87922,0,NA
735844,2014,9,2,0,,,0,0,0,0,NA,0,0,NA
735845,2014,9,3,1,,,17.6,15.546608,15.7433696,20.4544272,NA,18.6944569,0,NA
735846,2014,9,4,1,,,3.5,5.38536,7.13778,8.74876,NA,7.75608,0,NA
735847,2014,9,5,0,,,0.1,0,0,0,NA,0,0,NA
735848,2014,9,6,0,,,0,0,0,0,NA,0,0,NA
735849,2014,9,7,0,,,0,0,0,0,NA,0,0,NA
735850,2014,9,8,0,,,0,0,0,0,NA,0,0,NA
735851,2014,9,9,0,,,0,0,0,0,NA,0,0,NA
735852,2014,9,10,0,,,0,0,0,0,NA,0,0,NA
735853,2014,9,11,0,,,0,0,0,0,NA,0,0,NA
735854,2014,9,12,1,,,0,0,0,0,NA,0,8.49444826,NA
735855,2014,9,13,1,,,0,0,0,0,NA,0,10.8249742,NA
735856,2014,9,14,0,,,0,0,0,0,NA,0,0,NA
735857,2014,9,15,1,,,0,0,0.2,1.17804,NA,0.39268,0,NA
735858,2014,9,16,0,,,0,0.2,0,0,NA,0,0,NA
735859,2014,9,17,0,,,0,0,0,0,NA,0,0,NA
735860,2014,9,18,0,,,0,0,0,0,NA,0,0,NA
735861,2014,9,19,1,,,0,6.50405685,7.0940169,9.07665765,NA,8.3268,0,NA
735862,2014,9,20,1,,,0.1,2.79268,2.57804,2.4,NA,2.2,0,NA
735863,2014,9,21,1,,,6.4,10.6423708,10.6466349,7.29334695,NA,13.26824,0,NA
735864,2014,9,22,0,,,0.5,0,0,0,NA,0,0,NA
735865,2014,9,23,1,,,0,0,0,0,NA,0,35.98908,NA
735866,2014,9,24,0,,,0,0,0,0,NA,0,NA,NA
735867,2014,9,25,0,,,0,0.2,0.2,0.4,NA,0.2,NA,NA
735868,2014,9,26,1,,,0.1,39.0227582,31.1152108,29.7593797,NA,36.3641639,NA,NA
735869,2014,9,27,1,,,23.6,0.4,0.4,0.6,NA,1.39268,NA,NA
735870,2014,9,28,0,,,0,0,0,0.8,NA,0.4,NA,NA
735871,2014,9,29,0,,,0,0.2,0.2,0.2,NA,0,NA,NA
735872,2014,9,30,0,,,0,0,0,0,NA,0,NA,NA
735873,2014,10,1,0,,,0,0,0,0,NA,0.2,NA,NA
735874,2014,10,2,1,,,0,1.6,1.99268,3.38536,NA,2.98902,NA,NA
735875,2014,10,3,1,Deslizamento,Campanario,4.8,1.18536,1.77804,1.58536,NA,1.8,NA,NA
735876,2014,10,4,0,,,0,0,0,0.2,NA,0,NA,NA
735877,2014,10,5,0,,,0,0,0,0,NA,0,NA,NA
735878,2014,10,6,0,,,0,0,0,0,NA,0,NA,NA
735879,2014,10,7,0,,,0,0,0,0,NA,0,NA,NA
735880,2014,10,8,0,,,0,0,0,0,NA,0,NA,NA
735881,2014,10,9,0,,,0,0,0,0,NA,0,NA,NA
735882,2014,10,10,0,,,0,0,0,0,NA,0,NA,NA
735883,2014,10,11,0,,,0,0,0,0,NA,0,NA,NA
735884,2014,10,12,0,,,0,0,0,0,NA,0,NA,NA
735885,2014,10,13,0,,,0,0,0,0,NA,0,NA,NA
735886,2014,10,14,0,,,0,0,0,0,NA,0,NA,NA
735887,2014,10,15,0,,,0,0,0,0,NA,0,NA,NA
735888,2014,10,16,0,,,0,0,0,0,NA,0,NA,NA
735889,2014,10,17,0,,,0,0.4,0.4,0.4,NA,0.4,NA,NA
735890,2014,10,18,0,,,0,0,0,0.2,NA,0.2,NA,NA
735891,2014,10,19,1,,,0,0.8,1,1.3817,NA,1.58614507,NA,NA
735892,2014,10,20,1,,,0,0.8,0.8,1.2,NA,1.39268,NA,NA
735893,2014,10,21,1,,,0,3.77438,4.15608,4.75608,NA,4.75608,NA,NA
735894,2014,10,22,0,,,0,0,0,0,NA,0,NA,NA
735895,2014,10,23,0,,,0,0,0,0,NA,0,NA,NA
735896,2014,10,24,0,,,0,0,0,0,NA,0,NA,NA
735897,2014,10,25,0,,,0,0,0,0,NA,0,NA,NA
735898,2014,10,26,1,,,0,2.19268,2.98656255,7.30665539,NA,4.16706,NA,NA
735899,2014,10,27,1,,,0,0.4,0.6,1,NA,0.6,NA,NA
735900,2014,10,28,0,,,0,0,0,0,NA,0,NA,NA
735901,2014,10,29,0,,,0,0,0,0,NA,0,NA,NA
735902,2014,10,30,0,,,0,0,0,0,NA,0,NA,NA
735903,2014,10,31,0,,,0,0,0,0,NA,0,NA,NA
735904,2014,11,1,0,,,0,0.39268,0.4,0.4,NA,0,0,NA
735905,2014,11,2,0,,,0,0,0,0,NA,0,0,NA
735906,2014,11,3,0,,,0,0.2,0.4,0,NA,0.2,0,NA
735907,2014,11,4,1,,,0,9.88647833,8.49343148,7.32409338,NA,6.53412,0,NA
735908,2014,11,5,1,Solapamento,Vila Nogueira,11.9,4.36706,4.75193132,3.17804,NA,4.6,0,NA
735909,2014,11,6,1,,,1.8,0.6,0.4,1.2,NA,0.8,0.6,NA
735910,2014,11,7,1,,,0,4.13748586,2.95956768,0,NA,0,0,NA
735911,2014,11,8,1,,,11.4,6.10118,5.9085,5.51216,NA,5.78536,10.44262,NA
735912,2014,11,9,1,,,0.5,0.98902,0.59268,1.97657747,NA,1.59268,31.9804,NA
735913,2014,11,10,1,,,0,0,0,0,NA,0,24.99268,NA
735914,2014,11,11,1,,,0,0,0,0,NA,0,10.2,NA
735915,2014,11,12,1,,,0,0,0,0,NA,0,2.6,NA
735916,2014,11,13,1,,,0,12.2148071,24.0784178,14.1635996,NA,9.71948,0,NA
735917,2014,11,14,1,,,18.8,6.14233494,6.33779879,7.92314,NA,8,NA,NA
735918,2014,11,15,1,,,1.2,2.17804,1.6,0.4,NA,1.6,NA,NA
735919,2014,11,16,0,,,0,0,0,0,NA,0.2,NA,NA
735920,2014,11,17,0,,,0,0,0,0,NA,0,NA,NA
735921,2014,11,18,0,,,0,0,0,0,NA,0,NA,NA
735922,2014,11,19,0,,,0,0,0,0,NA,0,NA,NA
735923,2014,11,20,0,,,0,0,0,0,NA,0,NA,NA
735924,2014,11,21,0,,,0,0,0,0,NA,0,NA,NA
735925,2014,11,22,0,,,0,0,0,0.2,NA,0,NA,NA
735926,2014,11,23,1,,,0,0.2,0.6,4.14613653,NA,1,NA,NA
735927,2014,11,24,0,,,0,0,0,0.4,NA,0.2,NA,NA
735928,2014,11,25,1,,,0,48.1891194,37.3393464,44.9484019,NA,12.37308,NA,NA
735929,2014,11,26,1,,,97.5,45.6868275,46.9444805,30.3232321,NA,33.15112,NA,NA
735930,2014,11,27,1,,,18,2.37267935,3.95098029,0.6,NA,19.8,NA,NA
735931,2014,11,28,1,,,0,0.6,0.8,1.4,NA,13,NA,NA
735932,2014,11,29,0,,,0,0,0,0.2,NA,0.6,NA,NA
735933,2014,11,30,0,,,0,0,0,0,NA,0,NA,NA
735934,2014,12,1,0,,,0,0,0.2,0,NA,0,0,NA
735935,2014,12,2,0,,,0,0.2,0,0,NA,0,0,NA
735936,2014,12,3,0,,,0,0,0,0,NA,0,0,NA
735937,2014,12,4,1,,,0,8.2719,9.46092,12.78406,NA,11.1268,9.58536,NA
735938,2014,12,5,1,,,11.9,0.6,0.8,1.2,NA,1,0.8,NA
735939,2014,12,6,1,,,1.8,0.2,0.4,0.4,NA,0.6,0.4,NA
735940,2014,12,7,0,,,0,0,0,0,NA,0,0,NA
735941,2014,12,8,1,,,11.4,0,0,0,NA,0,0,NA
735942,2014,12,9,1,,,0.5,2.95673489,0.59268,0.4,NA,1.1817,0.8,NA
735943,2014,12,10,1,,,1.5,2.59268,6.9584278,12.6851721,NA,8.5268,5.4,NA
735944,2014,12,11,1,,,3.1,16.9023403,17.8878746,65.7838529,NA,15.73648,6.57072,NA
735945,2014,12,12,1,,,20,23.4507446,22.0813358,27.574329,NA,18.3634,12,NA
735946,2014,12,13,1,,,27.5,6.58536,5.98536,5.18536,NA,10.6,8.8,NA
735947,2014,12,14,1,,,2.8,4.93412,7.88288,6.5085,NA,4.2,7.2,NA
735948,2014,12,15,1,,,2.3,0,0.2,0.2,NA,3.8,5.8,NA
735949,2014,12,16,1,Deslizamento,Eldorado,0,0,0,0,NA,2.8,4.2,NA
735950,2014,12,17,1,,,0,0,0,0,NA,1.4,2.4,NA
735951,2014,12,18,0,,,0,0,0,0,NA,0,0,NA
735952,2014,12,19,1,,,0,12.6022397,14.3750073,1.18536,NA,6.95242,5.18536,NA
735953,2014,12,20,1,,,13.8,0.6,0.8,0.2,NA,1.8,5.4,NA
735954,2014,12,21,0,,,0,0,0,0,NA,0,0,NA
735955,2014,12,22,1,,,0,48.8360733,58.4088555,57.847009,NA,7.93778,4.59268,NA
735956,2014,12,23,1,,,98.3,42.6183022,41.6158528,44.2015709,NA,26.77072,14.4,NA
735957,2014,12,24,1,,,2.1,3,2.99268,3,NA,10,5.6,NA
735958,2014,12,25,1,,,0,10.646071,18.1774953,7.68166179,NA,16.4,12.4,NA
735959,2014,12,26,1,,,4.8,0,0.2,0.2,NA,20.8,7.8,NA
735960,2014,12,27,1,,,0,0,0,0,NA,6.8,9,NA
735961,2014,12,28,1,,,0,0,0,0,NA,1.2,6.6,NA
735962,2014,12,29,1,,,0,28.7732819,29.716223,6.49161364,NA,1.98536,4.8,NA
735963,2014,12,30,1,,,11.6,0.4,0.2,0.2,NA,4,5.2,NA
735964,2014,12,31,1,,,0,4.33716479,3.54746122,5.75109419,NA,5.74876,4.2,NA
735965,2015,1,1,1,,,0,0.4,0.2,11.3160138,21.9093446,8.67538825,4,0
735966,2015,1,2,1,,,0,0.6,0.6,0,3.77438,0,3,0
735967,2015,1,3,1,,,0,4.14876,3.57072,3.57804,0,3.57804,2.2,0
735968,2015,1,4,1,,,3.8,0,0,0.2,0.99268,0.2,1.8,0
735969,2015,1,5,1,,,0,1.37804,0.99268,1.5817,2.4,1.18902,1.6,1.5817
735970,2015,1,6,0,,,0,0,0.2,0,NA,0.59268,0.8,0
735971,2015,1,7,1,,,0,6.4976351,5.70655572,6.1024768,NA,4.32544978,1.19268,4.91325097
735972,2015,1,8,1,,,2.8,18.4965675,12.46322,11.8118811,NA,8.26276535,2.6,6.69563608
735973,2015,1,9,1,,,21,0.2,0,0,NA,0,3.4,0
735974,2015,1,10,1,,,0,0,0,0,NA,0,2.2,0.2
735975,2015,1,11,1,,,0,6.29753544,0.79268,2.96908631,NA,3.34902716,2.2,1.77874627
735976,2015,1,12,1,Inundacao,Inamar,7,27.5550087,26.3762874,34.6107364,NA,51.2245287,7.52703632,7.66955517
735977,2015,1,13,1,,,32.1,0,0,0,NA,0,6.4,0
735978,2015,1,14,1,,,0,22.0610513,12.404247,12.7950282,NA,4.93046,3.4,29.7968425
735979,2015,1,15,1,Alagamento,Conceicao,63,29.8643916,12.0381534,2.75242,NA,16.972169,4.2,15.4737919
735980,2015,1,16,1,,,0,0,0,0,NA,0,4.2,0
735981,2015,1,17,1,,,0,0,0,0,NA,0,3,0
735982,2015,1,18,1,,,0,0,0,0,NA,0,2.6,0
735983,2015,1,19,1,,,0,0,0,0,NA,0,1.2,0
735984,2015,1,20,0,,,0,0,0,0,NA,0,0,0
735985,2015,1,21,0,,,0,0,0,0,NA,0,0,0
735986,2015,1,22,1,,,33.8,31.4802021,33.0456386,50.3403239,NA,32.8495995,10.35974,28.3351819
735987,2015,1,23,1,,,1.4,3.78536,3.57072,6.13412,NA,11.8591254,4.2,4.35608
735988,2015,1,24,1,,,61,33.5434244,11.8064651,6.89290235,NA,10.8207624,3,19.6938859
735989,2015,1,25,1,,,0,12.0127297,13.5749587,10.2372383,NA,10.0364849,3.4,3.73504104
735990,2015,1,26,1,Desabamento,Inamar,37.7,40.5758819,47.8596532,37.4359866,NA,62.5671321,4.4,65.4688483
735991,2015,1,27,1,,,9.6,34.46749,21.6010498,14.3913004,NA,17.1352495,4,27.9685121
735992,2015,1,28,1,,,43.2,4.35608,3.1793175,5.92344028,NA,3.75242,6.4,2.78536
735993,2015,1,29,1,Desabamento,Piraporinha,0,0,0,0,NA,0,5.4,0
735994,2015,1,30,1,,,0,0.79268,0.6,1,NA,1,3.8,0.79268
735995,2015,1,31,1,,,0.3,1.4,1.6,3.6,NA,3.2,3.6,0.8
735996,2015,2,1,1,,,0,0.4,0.4,0.4,0.2,0.4,3.6,0.6
735997,2015,2,2,1,Deslizamento,Eldorado,0,2.17438,2.3634,0.6,0.4,1.77804,3.4,8.068422
735997,2015,2,2,1,Inundacao,Conceicao,0,2.17438,2.3634,0.6,0.4,1.77804,3.4,8.068422
735998,2015,2,3,1,,,0,0,0,0,0,0,3.8,0
735999,2015,2,4,1,,,0,0,0,0,0,0,3.6,0
736000,2015,2,5,1,,,17,51.7918212,52.3470134,66.4468268,42.508648,57.5340813,4.2,63.9770327
736001,2015,2,6,1,,,29,18.9258497,22.8651196,3.1634,8.87720963,6.9085,5.6,26.6115231
736002,2015,2,7,1,,,12.7,0.79268,1.38536,1.18536,0.2,1,9.8,1.57449267
736003,2015,2,8,1,,,0,0,0,0,0.2,0,8.8,0
736004,2015,2,9,1,Deslizamento,Eldorado,0,0,0,0.2,0,0.2,12.6,0
736005,2015,2,10,1,,,0,4.72695303,4.71716482,7.07973437,7.52801123,5.50661028,5.6,2.56469236
736006,2015,2,11,1,,,18,16.1348859,21.4743157,15.9503516,10.4365637,33.259728,6,18.3144205
736007,2015,2,12,1,,,0,0,0,0.2,0.2,0,6.8,0
736008,2015,2,13,1,,,0,0,0,1.1817,1.39065909,0,6.2,0
736009,2015,2,14,1,,,0,1.97072,2.95857685,2.94585906,3.34389772,3.16008691,4,0.4
736010,2015,2,15,1,,,0.3,0.79268,0.78902,1.2,1,0.79268,2,0.78902
736011,2015,2,16,1,,,21,36.7086652,37.6927551,18.2973651,29.7023949,24.3983187,4.8,44.4340499
736012,2015,2,17,1,,,38,40.915888,30.7408121,37.8627807,37.518358,40.4585582,3.8,28.2485853
736013,2015,2,18,1,,,36.6,10.8995101,10.8960231,13.0422712,11.0872446,11.8513565,7,10.7038861
736014,2015,2,19,1,,,3.4,0,0.39268,0,0,0,5.2,0.2
736015,2015,2,20,1,Solapamento,Eldorado,0,0.2,0.59268,0.2,0,0.39268,5.2,0.4
736016,2015,2,21,1,,,0,0,0,0,0,0,6.8,0
736017,2015,2,22,1,,,0,0,0,0,0,0,5,0
736018,2015,2,23,1,Solapamento,Casa Grande,0,0,0,0,0,0,7.4,0
736019,2015,2,24,1,,,0,15.7451921,21.4596863,21.0639778,18.3260885,22.8722882,6.4,25.9325568
736020,2015,2,25,1,,,16.2,17.5325355,14.7647867,17.5577868,15.5529015,19.1372753,2.2,31.9534275
736021,2015,2,26,1,,,5.5,1.39268,1.39268,1.2,1.9817,1.2,2.6,1.59268
736022,2015,2,27,1,,,0,0,0,0,0,0,2,0
736023,2015,2,28,1,,,0,47.7224402,39.9722478,69.1630174,53.1170782,56.7801336,2.8,39.8053741
736024,2015,3,1,1,,,21,2.57804,2.19268,2.19268,2.37438,1.98902,4.2,3.15974
736025,2015,3,2,1,,,0,0,0,0,0,0,19.2,0
736026,2015,3,3,1,,,0,0,0,0,0,0,13.2,0
736027,2015,3,4,1,,,0,0,0,0,0,0,1.6,0
736028,2015,3,5,0,,,0,0,0,0,0,0,0,0
736029,2015,3,6,1,,,0,25.1253507,16.5352639,21.629783,15.542983,13.3732589,3.99268,13.5765643
736030,2015,3,7,1,,,8.6,30.7394719,31.6983951,34.3418921,26.6095084,38.1032903,5.4,40.8335839
736031,2015,3,8,1,,,17.6,1.99091383,1.78031452,1.6,2.17438,1.59268,18.57804,1.19268
736032,2015,3,9,1,Deslizamento,Centro,0,7.67556,7.27922,13.814677,6.50118,7.30046689,22.17804,9.24994
736033,2015,3,10,1,Desabamento,Vila Nogueira,2,0.6,0.6,7.49633487,0.4,1.59268,4.2,0.4
736034,2015,3,11,1,Deslizamento,Centro,0,4.54107865,2.94983868,0.986604359,3.74227102,2.76666704,3.93158706,6.10283931
736035,2015,3,12,1,,,0,6.49804571,5.11804816,14.8435368,11.0310945,6.88518496,2.58902,0.79268
736036,2015,3,13,1,,,10.8,6.69728874,7.47675641,5.7300309,3.95974,4.3451,2.79268,6.88512411
736037,2015,3,14,1,,,0.4,6.31002184,4.72817704,4.5349885,11.2239738,4.93250304,5.8,6.8901126
736038,2015,3,15,1,,,6.2,5.33549636,3.36433525,13.1936825,18.1209995,26.4262182,4.8,1.19268
736039,2015,3,16,1,,,5.6,10.6386445,14.9823508,5.9085,9.07095174,5.52314,8.76706,30.2276528
736040,2015,3,17,1,,,12.8,0.6,0.8,1,0.6,0.8,9.93412,0.4
736041,2015,3,18,1,,,0,0,0,2.17179527,3.34814946,0,0,0
736042,2015,3,19,1,Desabamento,Eldorado,0,22.6338804,26.1807995,16.9105721,21.553246,16.3265806,4.6,35.1227103
736043,2015,3,20,1,,,23.9,11.8365208,4.56287487,2.19268,22.1822245,2.77072,18.4,16.5623368
736044,2015,3,21,1,,,11.1,10.8745425,12.4439895,9.49003055,12.3055016,12.8509239,11.4,9.68829486
736045,2015,3,22,1,,,2.3,0.4,0.8,1,0.6,1,9.2,0.8
736046,2015,3,23,0,,,0,0,0,0.6,0,0.6,0.2,0
736047,2015,3,24,0,,,0,0,0,0,0,0,0,0
736048,2015,3,25,0,,,0,0,0,0,0,0,0,0
736049,2015,3,26,0,Deslizamento,Eldorado,0,0,0,0,0,0,0,0
736050,2015,3,27,0,,,0,0,0,0,0,0,0,0
736051,2015,3,28,0,,,0,0,0,0,0,0,0,0
736052,2015,3,29,1,,,0,3.94876,3.75242,9.85899242,6.91113621,6.50580802,4.98536,7.86699995
736053,2015,3,30,1,,,0,1.9817,2.1817,1,1.58536,1.97804,2.6,1.97072
736054,2015,3,31,0,,,0.5,0.4,0.4,0.2,0.4,0.4,0.4,0.2
736055,2015,4,1,0,,,0,0,0,0,0,0,0,0
736056,2015,4,2,1,,,0,0.2,1.58,0.8,0,1.77,1.38,1.38
736057,2015,4,3,0,,,0,0,0,0,0,0,0,0
736058,2015,4,4,0,,,0,0,0,0,0,0,0,0
736059,2015,4,5,0,,,0,0,0,0,0,0,0,0
736060,2015,4,6,0,,,0,0,0,0.2,0.2,0,0,0
736061,2015,4,7,1,,,7.2,7.3,8.29,8.88,9.48,9.08,0.99,6.92
736062,2015,4,8,0,Deslizamento,Conceicao,0,0,0,0,0,0,NA,0
736063,2015,4,9,0,,,0,0,0,0,0,0,NA,0
736064,2015,4,10,0,,,0,0,0,0,0,0,NA,0
736065,2015,4,11,0,,,0,0,0,0,0,0,NA,0
736066,2015,4,12,0,,,0,0,0,0,0,0,NA,0
736067,2015,4,13,0,Desabamento,Centro,0,0,0,0,0,0,NA,0
736068,2015,4,14,0,,,0,0,0,0,0,0,NA,0
736069,2015,4,15,1,,,0,9.03,4.93,10.44,12.53,13.99,NA,3.14
736070,2015,4,16,1,,,2.9,0.2,0,0,0.2,0.2,NA,1.38
736071,2015,4,17,0,,,0,0,0,0,0,0,NA,0
736072,2015,4,18,0,,,0,0,0,0,0,0,NA,0
736073,2015,4,19,0,,,0,0.2,0.4,0.2,0.2,0.2,NA,0.4
736074,2015,4,20,0,,,0,0.2,0,0,0.2,0.2,NA,0.2
736075,2015,4,21,1,,,0,4.34,2.96,0.8,1,0.6,NA,9.84
736076,2015,4,22,1,,,9.2,10.87,12.05,18.35,12.24,11.85,NA,14.01
736077,2015,4,23,1,Solapamento,Eldorado,6.8,0,0,0.2,0,0,NA,0
736078,2015,4,24,0,,,0,0,0,0,0,0,NA,0
736079,2015,4,25,1,,,0,0.79,0.78,1.38,1.18,1.17,NA,0.6
736080,2015,4,26,1,,,0,1.79,1.58,1,1.58,0.8,NA,0.99
736081,2015,4,27,1,,,3.5,0,0,0,0,0,NA,0
736082,2015,4,28,0,,,0,0,0,0,0,0,NA,0
736083,2015,4,29,1,,,0,0,0.2,2.57,0.8,0.59,NA,0
736084,2015,4,30,1,,,0,0.4,0.8,3.37,0.8,2.39,NA,0.4
736085,2015,5,1,0,,,0,0,0,0,0,0,NA,0
736086,2015,5,2,0,,,0,0,0,0,0,0,NA,0
736087,2015,5,3,0,,,0,0,0,0,0,0,NA,0
736088,2015,5,4,1,,,0,2.2,2.2,2.2,1.79,1.4,NA,1.79
736089,2015,5,5,1,Desabamento,Eldorado,0.1,0.8,1.19,1.99,0.79,1.2,NA,0.2
736090,2015,5,6,0,,,0.5,0,0,0,0,0,NA,0
736091,2015,5,7,1,,,0,0.99,0.98,1.39,2.38,0.99,NA,0.8
736092,2015,5,8,1,,,0.5,1.59,1.77,2.39,2.19,2,NA,0.6
736093,2015,5,9,0,,,0,0,0,0,0,0,NA,0
736094,2015,5,10,1,,,0,26.91,31.64,26.71,29.17,25.32,NA,29.03
736095,2015,5,11,1,,,26.4,0.2,0,0.2,0.2,0,NA,0.2
736096,2015,5,12,1,,,0,3.55,3.74,3.35,4.34,0.78,NA,2.96
736097,2015,5,13,1,,,0,2.39,3.18,6.16,2.79,4.58,NA,2
736098,2015,5,14,0,Desabamento,Eldorado,0,0,0.2,0,0,0.4,NA,0
736099,2015,5,15,0,,,0,0,0,0,0,0.2,NA,0
736100,2015,5,16,0,,,0,0,0,0,0,0,NA,0
736101,2015,5,17,0,,,0,0,0,0,0,0,NA,0
736102,2015,5,18,0,,,0,0,0,0,0,0,NA,0
736103,2015,5,19,0,,,0,0,0,0,0,0,NA,0
736104,2015,5,20,0,,,0,0,0,0,0,0,NA,0
736105,2015,5,21,0,,,0,0,0,0,0,0,NA,0
736106,2015,5,22,0,,,0,0,0,0,0,0,NA,0
736107,2015,5,23,0,,,0,0,0,0,0,0,NA,0
736108,2015,5,24,0,,,0,0,0,0,0,0,NA,0
736109,2015,5,25,0,,,0,0,0,0,0,0,NA,0
736110,2015,5,26,0,,,0,0,0,0,0,0,NA,0
736111,2015,5,27,1,,,3.5,1.58,1.18,1.19,1.39,0.8,NA,2.17
736112,2015,5,28,1,,,0,5.7,6.11,4.91,5.52,5.91,NA,5.33
736113,2015,5,29,1,,,9.1,1.59,1.58,1.38,2.36,3.55,NA,1.58
736114,2015,5,30,0,,,0,0,0,0.2,0.2,0,NA,0.2
736115,2015,5,31,1,,,0,4.2,4.19,6.73,4,5.17,NA,4.19
736116,2015,6,1,1,,,2.6,0.8,1.4,2.2,1.2,1.8,NA,0.8
736117,2015,6,2,1,,,0,1.58,1.77,1.2,1.78,1.78,NA,0.4
736118,2015,6,3,0,,,0,0,0,0,0,0,NA,0
736119,2015,6,4,0,,,0,0,0,0,0,0,NA,0
736120,2015,6,5,0,,,0,0,0,0,0,0,NA,0
736121,2015,6,6,0,,,0,0,0,0,0,0,NA,0
736122,2015,6,7,0,,,0,0,0,0,0,0,NA,0
736123,2015,6,8,0,,,0,0,0,0,0,0,NA,0
736124,2015,6,9,0,,,0,0,0,0,0,0,NA,0
736125,2015,6,10,0,,,0,0,0,0,0,0,NA,0
736126,2015,6,11,0,,,0,0,0,0,0,0,NA,0
736127,2015,6,12,1,,,0,1.4,2.39,1.8,1.4,1.8,NA,1.4
736128,2015,6,13,0,,,0,0,0,0,0,0,NA,0
736129,2015,6,14,0,,,0,0,0,0,0,0,NA,0
736130,2015,6,15,1,,,0,8.85,9.45,10.27,8.29,10.05,NA,8.66
736131,2015,6,16,0,,,0.8,0,0,0,0.2,0,NA,0
736132,2015,6,17,0,,,0,0,0,0,0,0,NA,0
736133,2015,6,18,1,,,0,3.77,3.98,1.38,1.38,2.37,NA,4.13
736134,2015,6,19,1,,,5.8,5.98,9.76,10.72,5.59,12.12,NA,6.38
736135,2015,6,20,1,,,1.5,0,0.2,0.8,0.2,0.2,NA,0.4
736136,2015,6,21,0,,,0,0,0,0,0,0,NA,0
736137,2015,6,22,0,,,0,0,0,0,0,0,NA,0
736138,2015,6,23,0,,,0,0,0,0,0.2,0,NA,0
736139,2015,6,24,1,,,0,10.89,8.88,12.29,13.27,10.08,NA,10.28
736140,2015,6,25,1,,,0,0.4,0.8,1,0.6,0.8,NA,0.2
736141,2015,6,26,0,,,0,0,0,0,0,0,NA,0.2
736142,2015,6,27,0,,,0,0,0,0,0,0,NA,0.2
736143,2015,6,28,0,,,0,0,0,0,0,0,NA,0
736144,2015,6,29,0,,,0,0,0,0,0,0,NA,0
736145,2015,6,30,0,,,0,0,0,0,0,0,NA,0
736146,2015,7,1,0,,,0,0.2,0.2,0,0.2,0.2,NA,0.8
736147,2015,7,2,0,,,0,0.79,0.99,0.2,0.2,0.4,NA,0.59
736148,2015,7,3,1,,,38.6,53.59,53.15,50.6,48.92,52.57,NA,56.17
736149,2015,7,4,1,,,19.5,5.35,5.75,4.76,4.77,5.93,NA,7.32
736150,2015,7,5,1,,,3,0,0,0.2,0,0.2,NA,0
736151,2015,7,6,0,,,0,0,0,0,0,0,NA,0
736152,2015,7,7,1,Deslizamento,Eldorado,0,5.96,9.5,10.88,5.17,7.12,NA,5.94
736153,2015,7,8,1,,,5.9,3.76,4.34,5.93,3.17,5.34,NA,2.97
736154,2015,7,9,0,,,0,0,0,0,0,0,NA,0
736155,2015,7,10,0,,,0,0,0,0,0,0,NA,0
736156,2015,7,11,1,,,0,1.98,2.18,1.78,1.79,2.37,NA,1.59
736157,2015,7,12,0,,,0,0,0,0,0,0,NA,0
736158,2015,7,13,0,,,0,0,0,0,0,0,NA,0
736159,2015,7,14,0,,,0,0,0,0,0,0,NA,0
736160,2015,7,15,0,,,0,0,0,0,0,0,NA,0
736161,2015,7,16,0,,,0,0,0,0,0,0,NA,0
736162,2015,7,17,0,,,0,0,0,0,0,0,NA,0
736163,2015,7,18,0,,,0,0,0,0,0,0,NA,0
736164,2015,7,19,0,,,0,0,0,0,0,0,NA,0
736165,2015,7,20,0,,,0,0,0,0,0,0,NA,0
736166,2015,7,21,0,,,0,0,0,0.2,0.4,0.2,NA,0.39
736167,2015,7,22,0,,,0,0.2,0.4,0.4,0.2,0.6,NA,0.2
736168,2015,7,23,0,,,0,0,0,0,0,0,NA,0
736169,2015,7,24,1,,,0,6.1,6.09,5.9,6.5,5.89,NA,7.48
736170,2015,7,25,1,,,14.8,30.13,28.52,24.22,27.79,24.21,NA,33.06
736171,2015,7,26,1,,,26.7,0,0.2,0,0,0,NA,0
736172,2015,7,27,0,,,0,0,0,0,0,0,NA,0
736173,2015,7,28,0,,,0,0,0,0,0,0,NA,0
736174,2015,7,29,0,,,0,0,0,0,0,0,NA,0
736175,2015,7,30,0,,,0,0,0,0,0,0,NA,0
736176,2015,7,31,0,,,0,0,0,0,0,0,NA,0
736177,2015,8,1,0,,,0,0,0,0,0,0,0.6,0
736178,2015,8,2,0,,,0,0,0,0,0,0,0,0
736179,2015,8,3,1,,,0,0,0,0,0,0,18.91,0
736180,2015,8,4,0,,,0,0,0,0,0,0,0,0
736181,2015,8,5,0,,,0,0,0,0,0,0,0,0
736182,2015,8,6,0,,,0,0,0,0,0,0,0,0
736183,2015,8,7,0,,,0,0,0,0,0,0,0,0
736184,2015,8,8,0,,,0,0,0,0,0,0,NA,0
736185,2015,8,9,0,,,0,0,0,0,0,0,NA,0
736186,2015,8,10,0,,,0,0,0,0,0,0,NA,0
736187,2015,8,11,0,,,0,0,0,0,0,0,NA,0
736188,2015,8,12,0,,,0,0,0,0,0,0,NA,0
736189,2015,8,13,0,,,0,0,0,0.2,0,0,NA,0
736190,2015,8,14,0,,,0,0,0,0,0,0,NA,0
736191,2015,8,15,0,,,0,0,0,0,0,0,NA,0
736192,2015,8,16,0,,,0,0,0,0,0,0,NA,0
736193,2015,8,17,0,,,0,0,0,0,0,0,NA,0
736194,2015,8,18,0,,,0,0,0,0,0,0,NA,0
736195,2015,8,19,0,,,0,0,0,0,0,0,NA,0
736196,2015,8,20,0,,,0,0.2,0,0.6,0.8,0.4,NA,0
736197,2015,8,21,1,,,1.7,0.8,0.8,1.2,1.4,1,NA,0
736198,2015,8,22,0,,,0,0,0,0,0,0,NA,0
736199,2015,8,23,0,,,0,0,0,0,0.2,0,NA,0
736200,2015,8,24,1,,,0,0.4,0.79,1.2,0.8,1,NA,0.4
736201,2015,8,25,1,,,0,3.18,3.18,4.17,3.39,3.38,NA,3.37
736202,2015,8,26,0,,,0,0,0.2,0,0,0,NA,0
736203,2015,8,27,1,,,0,18.69,18.31,18.31,16.34,18.7,NA,16.72
736204,2015,8,28,1,,,12.5,0,0,0,0,0,NA,0
736205,2015,8,29,0,,,0,0,0,0,0,0,NA,0
736206,2015,8,30,0,,,0,0,0,0,0,0,NA,0
736207,2015,8,31,0,,,0,0,0,0,0,0,NA,0
736208,2015,9,1,0,,,0,0,0,0.2,0,0.2,0,0
736209,2015,9,2,1,,,0,0.6,0.6,1.4,1.4,1,0.6,0
736210,2015,9,3,0,,,0,0,0,0,0,0,0,0
736211,2015,9,4,1,,,0,6.1,7.09,5.71,6.53,5.13,8.08,7.88
736212,2015,9,5,1,,,8.2,0,0.2,0.4,0,0.2,0.2,0
736213,2015,9,6,1,,,0,3.74,2.95,4.94,3.55,6.53,4.14,3.93
736214,2015,9,7,1,,,0,9.67,10.27,5.93,9.73,8.88,10.44,10.09
736215,2015,9,8,1,,,23.1,84.34,81.25,89.01,80.78,80.69,78.75,83.52
736216,2015,9,9,1,,,113,0.6,0.6,0.4,0.4,2.16,0.59,0.59
736217,2015,9,10,1,,,0,6.87,7.08,5.3,6.49,6.49,7.06,6.3
736218,2015,9,11,1,,,32,60.74,56.28,51.82,55.74,38.52,59.17,56.68
736219,2015,9,12,1,,,47,0.6,0.6,1.59,1,16.38,0.8,0.2
736220,2015,9,13,1,,,0,0.2,0.2,1,0.2,0.4,0.4,0
736221,2015,9,14,0,,,0,0,0,0.2,0.2,0,0,0
736222,2015,9,15,0,,,0,0,0,0,0,0,0,0
736223,2015,9,16,0,,,0,0,0,0,0,0,0,0
736224,2015,9,17,0,,,0,0,0,0,0,0,0,0
736225,2015,9,18,0,,,0,0,0,0,0,0,0,0
736226,2015,9,19,0,,,0,0,0,0,0,0,0,0
736227,2015,9,20,0,,,0,0,0,0,0,0,0,0
736228,2015,9,21,0,,,0,0,0,0,0,0,0,0
736229,2015,9,22,0,,,0,0,0,0,0,0,0,0
736230,2015,9,23,0,,,0,0,0,0,0,0,0,0
736231,2015,9,24,0,,,0,0,0,0,0,0,0,0
736232,2015,9,25,1,,,0,12.53,17.95,15.05,13.3,5.11,16.94,12.41
736233,2015,9,26,1,,,24.7,11.68,11.86,12.47,10.68,27.42,11.07,10.29
736234,2015,9,27,1,,,1.5,2.17,2.36,1.78,2.17,1.58,2.57,5.12
736235,2015,9,28,1,,,36,27.95,26.53,23.52,25.08,21.85,28.72,29.2
736236,2015,9,29,1,,,0,0,0,0,0,1.4,0,0
736237,2015,9,30,1,,,0,0.99,2.18,3.16,0.6,3.16,1.78,0.4
736238,2015,10,1,0,,,0,0,0.2,0.4,0.2,0.2,0,0
736239,2015,10,2,0,,,0,0,0,0,0,0,0,0
736240,2015,10,3,1,,,13.2,14.27,14.86,8.86,16.95,13.04,17.92,20.47
736241,2015,10,4,1,,,0,0.6,1,2.59,0.6,2,1.6,0.2
736242,2015,10,5,1,,,0,0,0,1,0.2,0.4,0,0
736243,2015,10,6,0,,,0,0,0,0,0,0,0,0
736244,2015,10,7,0,,,0,0,0,0,0,0,0,0
736245,2015,10,8,0,,,0,0,0,0,0,0,0,0
736246,2015,10,9,0,,,0,0,0,0,0.2,0,0,0
736247,2015,10,10,0,,,0,0.8,0.6,0.6,0.4,0.6,0.8,0.4
736248,2015,10,11,0,,,0,0,0,0,0,0,0,0
736249,2015,10,12,0,,,0,0,0,0,0,0,0,0
736250,2015,10,13,1,,,0,7.67,6.89,7.48,7.67,5.18,6.89,6.88
736251,2015,10,14,0,,,0,0,0,0,0,0.4,0,0
736252,2015,10,15,0,,,0,0,0,0,0,0,0,0
736253,2015,10,16,0,,,0,0,0,0,0,0,0,0
736254,2015,10,17,0,,,0,0.2,0.2,0.4,0.6,0.2,0.2,0
736255,2015,10,18,1,,,0,0.6,0.8,1.6,1,1.4,1.2,0.4
736256,2015,10,19,0,,,0,0,0,0,0,0,0,0
736257,2015,10,20,0,,,0,0,0,0,0,0,0,0
736258,2015,10,21,1,,,0,4.15,2.37,6.49,4.73,3.74,2.56,0
736259,2015,10,22,1,,,26.6,25,23.82,42.96,30.06,10,23.83,28.58
736260,2015,10,23,1,,,12,0,0.2,0.2,0,4.6,0.2,0.2
736261,2015,10,24,1,,,0,1.4,1,1,1.8,2.4,1.2,2.36
736262,2015,10,25,1,,,0,0,0,0,0,1.6,0,0
736263,2015,10,26,1,,,18,14.14,17.89,16.11,12.79,1.8,17.11,21.06
736264,2015,10,27,1,,,1.2,0.99,1.19,1.8,1.19,1.6,1.19,1.38
736265,2015,10,28,1,,,0,0.4,0.4,0.8,0.4,1.4,0.4,0.4
736266,2015,10,29,1,,,0.6,1.79,1.79,4.59,2.19,1,1.79,0.8
736267,2015,10,30,1,,,0,0,0,0,0,1.2,0,0
736268,2015,10,31,0,,,0,0,0,0,0,0.8,0,0
736269,2015,11,1,1,,,18.4,36.02,37.81,38.78,34.63,0.8,37.44,39.59
736270,2015,11,2,1,,,69.7,40.72,38.94,42.26,38.74,1.2,39.31,42.69
736271,2015,11,3,1,,,0,5.75,6.53,5.54,6.52,1,5.95,6.71
736272,2015,11,4,1,,,3.8,19.9,20.13,13.18,20.08,1,19.73,19.53
736273,2015,11,5,1,,,17.4,2.4,2.6,3,2.4,1,2.8,2.59
736274,2015,11,6,1,,,0.4,0.8,1.2,2.8,2.2,0.8,1.4,0.4
736275,2015,11,7,1,,,2.1,1.4,1.4,2.4,2,0.6,1.8,1
736276,2015,11,8,0,,,0,0,0.2,0.2,0.2,0.8,0.2,0
736277,2015,11,9,1,,,7,22.53,16.36,9.84,21.28,0.8,16.73,24.47
736278,2015,11,10,1,,,16,0,0,0,0,0.4,0,0
736279,2015,11,11,1,,,0,20.44,35.94,22.25,7.86,0.6,34.49,11.65
736280,2015,11,12,1,,,21,0,0,0,0,0.6,0,0
736281,2015,11,13,1,,,0,11.8,10.42,10.23,9.84,0.6,11.22,11.42
736282,2015,11,14,1,,,0.3,5.9,5.32,4.92,5.72,0.4,5.51,5.51
736283,2015,11,15,1,,,0,7.69,6.87,13.59,12.39,0.4,5.9,7.88
736284,2015,11,16,0,,,0,0,0,0.2,0,0.4,0,0
736285,2015,11,17,1,,,0,13.97,16.37,4.92,18.02,0.4,15.77,16.6
736286,2015,11,18,1,,,8,9.25,8.64,10.6,10.42,0.2,8.25,7.88
736287,2015,11,19,0,,,0,0,0,0,0,0.2,0,0
736288,2015,11,20,1,,,14,10.23,8.89,13.98,12.52,0.2,9.11,11.62
736289,2015,11,21,1,,,40,38.33,27.17,24.99,25.56,0.2,31.46,29.3
736290,2015,11,22,1,,,0,0,0,0,0,0.4,0.2,1.57
736291,2015,11,23,1,,,0.1,6.54,7.13,6.36,5.97,0.2,7.53,5.56
736292,2015,11,24,1,,,2.3,0.2,0,0.99,0.79,0.2,0.2,0.2
736293,2015,11,25,0,,,0,0,0,0.2,0.4,0.2,0,0
736294,2015,11,26,1,,,0,0.4,0.6,1.2,0.6,0.2,0.6,0
736295,2015,11,27,0,,,0,0,0,0,0,0.2,0,0
736296,2015,11,28,1,,,1,0.79,0.2,0,0,0.2,0.4,0
736297,2015,11,29,1,,,0,35.42,32.09,21.5,35.22,0.2,34.08,40.15
736298,2015,11,30,1,,,0,2.2,2.4,4.58,3.6,0.2,2.2,1.8
736299,2015,12,1,0,,,0,0,0,0.6,0.2,0.2,0.2,0
736300,2015,12,2,0,,,0,0,0,0.4,0,0.2,0,0
736301,2015,12,3,0,,,0,0.4,0.4,0.6,0.2,0.2,0.4,0.2
736302,2015,12,4,0,,,0,0,0,0.2,0.2,0.2,0,0
736303,2015,12,5,1,,,0,6.14,5.51,13.78,11.02,0,5.53,12.79
736304,2015,12,6,1,,,0,18.92,27.43,20.87,15.15,0.2,24.88,17.34
736305,2015,12,7,1,,,24.7,2.99,2.39,4.56,2.98,0.2,2.78,1.8
736306,2015,12,8,0,,,0,0,0,0.2,0,0.2,0,0
736307,2015,12,9,0,,,0,0,0,0,0,0,0,0
736308,2015,12,10,0,,,0,0,0,0,0,0.2,0,0
736309,2015,12,11,0,,,0,0,0,0,0,0,0,0
736310,2015,12,12,1,,,0,37.18,27.26,11.72,33.99,0,25.79,20
736311,2015,12,13,0,,,0,0,0,0,0.2,0,0.2,0
736312,2015,12,14,1,,,7,0,0,0,0.2,13.83,0,0
736313,2015,12,15,1,,,0,31.71,32.34,17.14,23.34,0.2,33.22,32.29
736314,2015,12,16,1,,,3,3.97,4.17,5.57,5.53,0.2,4.37,3.78
736315,2015,12,17,0,,,0.3,0.2,0.4,0.8,0.2,0.2,0.4,0
736316,2015,12,18,0,,,0,0,0,0,0,0,0,0
736317,2015,12,19,1,,,0,14.37,8.27,21.46,14.16,1.82,8.66,8.86
736318,2015,12,20,0,,,0,0.4,0.4,0.6,0.2,0,0.4,0.2
736319,2015,12,21,1,,,0.1,1.4,1.39,3.16,1.8,0,1.79,1.19
736320,2015,12,22,1,,,0,12.25,9.5,13,5.32,15.23,11.02,27.81
736321,2015,12,23,1,,,9.8,21.71,23.56,8.27,3.94,0,23.42,13.59
736322,2015,12,24,1,,,0,3.96,3.16,7.49,4.36,0.4,3.97,3.17
736323,2015,12,25,1,,,0,0.8,0.8,1.2,1,0.2,0.8,0.8
736324,2015,12,26,1,,,0,6.3,14.76,20.93,0,0.2,10.04,4.51
736325,2015,12,27,1,,,0,2.75,5.91,0.79,5.31,0,4.72,2.56
736326,2015,12,28,1,,,3,11.84,11.68,7.5,16.66,0.2,13.07,15.09
736327,2015,12,29,1,,,8.8,2.39,2.39,2.18,2.38,0,2.79,2.99
736328,2015,12,30,1,,,1.2,0.4,0.6,1.4,0.4,0,0.8,0.4
736329,2015,12,31,1,,,1,0,0,0,0,0,0,0.2
736330,2016,1,1,1,,,0,7.89,8.86,0.2,1.77,0,8.87,7.47
736331,2016,1,2,1,,,39.6,14.99,15.93,17.75,16.56,0,14.77,12.4
736332,2016,1,3,1,,,3,1,1,5.16,1.4,0,0.8,0.4
736333,2016,1,4,0,,,0,0,0,0,0,0,0,0
736334,2016,1,5,0,,,0,0,0,0,0,0,0,0
736335,2016,1,6,0,,,0,0,0,0,0,0,0,0
736336,2016,1,7,0,,,0,0,0,0,0,0,0,0
736337,2016,1,8,0,,,0,0,0,0,0,0,0,0
736338,2016,1,9,1,,,0,35.06,34.1,30.15,40.84,0,34.33,21.5
736339,2016,1,10,1,,,0.4,10.85,10.07,11.43,12.42,0,10.84,11.22
736340,2016,1,11,1,,,15,15.62,14.65,14.04,14.06,0,15.05,14.46
736341,2016,1,12,1,,,14.8,8.08,8.29,3.58,8.49,0,7.3,5.93
736342,2016,1,13,1,,,12,0.6,0.2,0,0,0,0.2,0.4
736343,2016,1,14,1,,,0.3,7.51,9.66,14.21,9.65,0,9.48,9.64
736344,2016,1,15,1,,,0,5.18,5.56,5.96,5.57,0,5.96,6.56
736345,2016,1,16,1,,,11.3,0,0.2,0.4,0.2,0,0,0
736346,2016,1,17,0,,,0,0,0,0,0,0,0,0
736347,2016,1,18,0,,,0,0,0,0,0,0,0,0
736348,2016,1,19,0,,,0,0.6,0.4,0.4,0.6,0,0.4,0.4
736349,2016,1,20,1,Deslizamento,Centro,0,0.2,0.4,1,0.4,0,0.6,0.2
736350,2016,1,21,1,,,0,0.4,0.6,1.58,0.4,0,0.4,0.2
736351,2016,1,22,1,,,2,0,0,0,0,0,0,0
736352,2016,1,23,0,,,0,0,0,0,0,0,0,0
736353,2016,1,24,1,,,0,6.3,6.1,3.94,4.73,0,6.29,7.1
736354,2016,1,25,1,,,6.5,1.57,1.18,0,0.6,0,3.74,1.58
736355,2016,1,26,1,,,2,0,0,0.79,0,0,0,0
736356,2016,1,27,1,Alagamento,Vila Nogueira,0,38.17,51.11,58.89,42.26,0,48.44,40.28
736357,2016,1,28,1,,,14,0.2,0.2,0.2,0.2,0,0.2,0
736358,2016,1,29,1,,,7,0,3.74,0,0,0,3.53,5.9
736359,2016,1,30,1,,,0,1.98,1.19,1.18,1.4,0,1.59,2.18
736360,2016,1,31,1,,,1,0,0,0,0,0,0,0
736361,2016,2,1,0,,,0,0,0,0,0,0,0,0
736362,2016,2,2,0,,,0,0,0,0,0,0,0,0
736363,2016,2,3,0,,,0,0,0,0,0,0,0,0
736364,2016,2,4,0,,,0,0,0,0,0,0,0,0
736365,2016,2,5,1,Alagamento,Taboao,0,58.4,11.96,36.63,43,0,46.08,28.02
736365,2016,2,5,1,Alagamento,Campanario,0,58.4,11.96,36.63,43,0,46.08,28.02
736366,2016,2,6,1,Deslizamento,Centro,87.5,1.19,1.19,1.59,0.6,0,1.19,0.8
736367,2016,2,7,0,,,0,0,0,0.2,0,0,0,0
736368,2016,2,8,0,,,0,0.8,0.6,0,0.99,0,0.8,0.59
736369,2016,2,9,0,,,0,0.2,0,0,0,0,0,0
736370,2016,2,10,1,,,0,0,0,3.35,0,0,0,0
736371,2016,2,11,1,,,0,13.79,15.76,20.51,18.73,0,14.96,16.34
736372,2016,2,12,0,,,0,0.2,0,0.59,0,0,0,0
736373,2016,2,13,0,,,0,0,0,0,0,0,0,0
736374,2016,2,14,0,,,0,0,0,0,0,0,0,0
736375,2016,2,15,1,,,0,41.74,48.4,30.68,37.01,0,48.88,53.42
736376,2016,2,16,1,,,59,1.79,1.79,1.4,1.2,0,1.99,1.99
736377,2016,2,17,1,,,0,35.57,36.7,40.25,29.38,0,35.65,36.01
736378,2016,2,18,1,,,0,19.34,16.85,24.51,16.05,0,16.71,13.28
736379,2016,2,19,1,,,36,48.06,57.34,40.45,10.04,0,53.38,44.24
736380,2016,2,20,1,,,42,0.6,0,0,22.59,0,0,0.99
736381,2016,2,21,1,,,0,40.9,29.71,70.23,75.94,0,35.02,54.09
736382,2016,2,22,1,,,60.7,15.71,6.32,16.35,0.6,0,6.9,3.75
736383,2016,2,23,1,,,0,0,0.2,1.78,0,0,0.2,0.2
736384,2016,2,24,1,,,0,8.69,10.86,9.27,9.89,0,11.24,6.32
736385,2016,2,25,1,,,8,0.4,0,0,0.2,0,0.2,0.4
736386,2016,2,26,1,Deslizamento,Centro,8.5,8.67,5.12,2.18,9.83,0,7.88,21.66
736387,2016,2,27,1,,,3.5,0,0.2,0,0,0,0,0
736388,2016,2,28,1,,,0,11.6,27.89,35.24,25.63,0,30.21,19.81
736389,2016,2,29,1,,,0,30.84,23.02,20.65,20.68,0,22.63,23.78
736390,2016,3,1,1,,,55,20.91,20.3,17.77,20.86,0,20.3,19.67
736391,2016,3,2,1,,,0.1,7.7,9.26,14.46,9.66,0,8.28,10.25
736392,2016,3,3,1,,,0,13.57,17.59,17.3,16.01,0,17.79,14.43
736393,2016,3,4,1,Solapamento,Casa Grande,17.7,4.19,0.2,3.38,0.59,0,0.59,0.2
736394,2016,3,5,0,,,0,0,0,0,0,0,0,0
736395,2016,3,6,0,,,0,0,0,0,0,0,0,0.79
736396,2016,3,7,1,,,0,6.89,9.07,3.75,4.74,0,7.12,1.97
736397,2016,3,8,1,,,6.5,0,0,0,0,0,0,0
736398,2016,3,9,1,,,0,14.75,31.88,3.36,28.05,0,33,27.03
736399,2016,3,10,1,,,32,28.91,23.44,23.83,44.06,0,24.43,24.39
736400,2016,3,11,1,Deslizamento,Centro,21.3,36.39,60.78,55.88,40.82,0,60.61,46.25
736401,2016,3,12,1,,,79,19.4,0,0,0,0,0,0
736402,2016,3,13,1,,,0,5.6,0,0.2,0,0,0,0
736403,2016,3,14,1,Deslizamento,Serraria,0,0.8,0.8,2.6,1.4,0,0.8,0.4
736404,2016,3,15,0,,,0,0,0,0.2,0,0,0,0
736405,2016,3,16,1,,,2,1,1,1,0.8,0,1.2,1
736406,2016,3,17,0,,,0,0,0,0,0,0,0,0
736407,2016,3,18,0,,,0,0,0,0,0,0,0,0
736408,2016,3,19,0,,,0,0,0,0,0,0,0,0
736409,2016,3,20,0,,,0,0,0,0,0,0,0,0
736410,2016,3,21,0,,,0,0,0,0,0,0,0,0
736411,2016,3,22,0,,,0,0,0,0,0,0,0,0
736412,2016,3,23,1,,,0,3.4,4.95,4.55,4.94,0,5.1,5.12
736413,2016,3,24,1,,,0,1.6,0.2,0.4,0.2,0,0,0.2
736414,2016,3,25,1,,,0,8.08,8.27,15.58,15.96,0,11.01,17.18
736415,2016,3,26,1,,,6.7,5.79,1.2,1.19,0.2,0,0.99,1.2
736416,2016,3,27,1,,,0,0.8,0,1.96,0.59,0,0,0
736417,2016,3,28,0,,,0,0,0,0.4,0,0,0,0
736418,2016,3,29,1,,,4.3,0,0,0,0,0,0,0
736419,2016,3,30,0,,,0,0.2,0,0,0,0,0.6,0.59
736420,2016,3,31,1,,,2.1,0.8,1.39,0,0,0,1.39,1.39
736421,2016,4,1,0,,,0,0,0,0,0,0,0,0
736422,2016,4,2,0,,,0,0,0,0,0,0,0,0
736423,2016,4,3,0,,,0,0,0,0,0,0,0,0
736424,2016,4,4,0,,,0,0,0,0,0,0,0,0
736425,2016,4,5,0,,,0,0,0,0,0,0,0,0
736426,2016,4,6,0,,,0,0,0,0,0,0,0,0
736427,2016,4,7,0,,,0,0.2,0,0,0,0,0,0
736428,2016,4,8,0,,,0,0,0,0,0,0,0,0
736429,2016,4,9,0,,,0,0,0,0,0,0,0,0
736430,2016,4,10,0,,,0,0,0,0,0,0,0,0
736431,2016,4,11,0,,,0,0,0,0,0,0,0,0
736432,2016,4,12,0,,,0,0,0,0,0,0,0,0
736433,2016,4,13,0,,,0,0,0,0,0,0,0,0
736434,2016,4,14,0,,,0,0,0,0,0,0,0,0
736435,2016,4,15,0,,,0,0,0,0,0,0,0,0
736436,2016,4,16,0,,,0,0,0,0,0,0,0,0
736437,2016,4,17,0,,,0,0,0,0,0,0,0,0
736438,2016,4,18,0,,,0,0,0,0,0,0,0,0
736439,2016,4,19,0,,,0,0,0,0,0,0,0,0
736440,2016,4,20,0,,,0,0,0,0,0,0,0,0
736441,2016,4,21,0,,,0,0,0,0,0,0,0,0
736442,2016,4,22,0,,,0,0,0,0,0,0,0,0
736443,2016,4,23,0,,,0,0,0,0,0,0,0,0
736444,2016,4,24,0,,,0,0,0,0,0,0,0,0
736445,2016,4,25,0,,,0,0,0,0,0,0,0,0
736446,2016,4,26,0,,,0,0,0,0,0,0,0,0
736447,2016,4,27,1,,,0,2.19,1.78,2.99,2.37,0,2.17,2.56
736448,2016,4,28,1,,,1,0,0,0.4,0,0,0,0
736449,2016,4,29,0,,,0,0,0,0.4,0,0,0,0
736450,2016,4,30,0,,,0,0,0,0,0,0,0,0
736451,2016,5,1,0,,,0,0,0,0,0,0,0,0
736452,2016,5,2,0,Solapamento,Serraria,0,0,0,0,0,0,0,0
736453,2016,5,3,0,,,0,0,0,0,0,0,0,0
736454,2016,5,4,0,,,0,0,0,0,0,0,0,0
736455,2016,5,5,0,,,0,0,0,0,0,0,0,0
736456,2016,5,6,0,,,0,0,0,0,0,0,0,0
736457,2016,5,7,0,,,0,0,0,0,0,0,0,0
736458,2016,5,8,0,,,0,0,0,0,0,0,0,0
736459,2016,5,9,0,,,0,0,0,0,0,0,0,0.4
736460,2016,5,10,1,,,0,2.58,0,0,0,0,0,0
736461,2016,5,11,0,,,0,0,0,0,0,0,0,0
736462,2016,5,12,1,,,0,0.8,0.79,0.8,1.2,0,0.99,0.99
736463,2016,5,13,1,,,0,0.6,1,1.6,1,0,0.8,0.4
736464,2016,5,14,0,,,0,0,0,0,0,0,0,0
736465,2016,5,15,0,,,0,0,0,0,0,0,0,0
736466,2016,5,16,1,,,0,7.31,10.03,12.86,11.63,0,10.28,7.09
736467,2016,5,17,1,,,0,2.4,0.2,0,0.2,0,0,1.38
736468,2016,5,18,1,,,0,12.57,18.9,23.99,21.42,0,21.86,21.06
736469,2016,5,19,1,,,37,10.4,3.8,2.6,2.2,0,2.2,1.99
736470,2016,5,20,0,,,0.5,0,0,0.2,0,0,0.2,0
736471,2016,5,21,1,,,0,22.87,43.87,50.21,51.03,0,46.05,46.47
736472,2016,5,22,1,,,39.7,15.6,2.19,0.2,0,0,0,0
736473,2016,5,23,1,,,0,10.6,19.94,15.83,20.45,0,21.05,24.7
736474,2016,5,24,1,Deslizamento,Centro,0,8.8,2.6,4.74,2.97,0,2.59,2.19
736475,2016,5,25,1,,,1.2,6,0.4,0.4,1,0,0.4,0.4
736476,2016,5,26,0,,,0,0,0,0,0,0,0,0
736477,2016,5,27,0,,,0,0,0,0.2,0,0,0,0
736478,2016,5,28,0,,,0,0,0,0.2,0,0,0,0
736479,2016,5,29,0,,,0,0,0,0,0,0,0,0
736480,2016,5,30,1,,,0,4.6,4.18,4.34,4.92,0,4.54,4.74
736481,2016,5,31,1,,,19.9,12,12.14,11.81,18.69,0,13.01,14.76
736482,2016,6,1,1,,,0,10,9.29,18.35,3.75,0,10.83,13.76
736483,2016,6,2,1,,,40.8,17.2,23.42,25.22,28.53,0,28.36,28.55
736484,2016,6,3,1,,,0.5,16.8,14.8,7.72,10.67,0,12.6,13.82
736485,2016,6,4,1,,,0.2,9.6,6.4,9.51,9.48,0,8.2,8.31
736486,2016,6,5,1,,,2.2,17,36.29,33.29,46.28,0,32.86,33.08
736487,2016,6,6,1,Inundacao,Serraria,55.4,12,20.38,39.02,59.51,0,25.43,50.15
736487,2016,6,6,1,Inundacao,Casa Grande,55.4,12,20.38,39.02,59.51,0,25.43,50.15
736487,2016,6,6,1,Inundacao,Conceicao,55.4,12,20.38,39.02,59.51,0,25.43,50.15
736487,2016,6,6,1,Alagamento,Eldorado,55.4,12,20.38,39.02,59.51,0,25.43,50.15
736488,2016,6,7,1,Desabamento,Eldorado,38,9.8,14.6,29.39,17.12,0,68.13,30.3
736488,2016,6,7,1,Deslizamento,Casa Grande,38,9.8,14.6,29.39,17.12,0,68.13,30.3
736489,2016,6,8,1,,,52.5,10.8,7.2,0,0.2,0,0.6,0
736490,2016,6,9,1,Deslizamento,Eldorado,0,7.8,7.6,0,0,0,0,0
736490,2016,6,9,1,Deslizamento,Conceicao,0,7.8,7.6,0,0,0,0,0
736490,2016,6,9,1,Deslizamento,Eldorado,0,7.8,7.6,0,0,0,0,0
736491,2016,6,10,1,,,0,5.4,5.2,0,0.2,0,0,0
736492,2016,6,11,1,,,0,4.4,5.6,0,0,0,0,0
736493,2016,6,12,1,,,0,4,10.6,0,0,0,0,0
736494,2016,6,13,1,,,0,4.4,6.2,0,0,0,0,0
736495,2016,6,14,1,,,0,4.2,1,0,0,0,0,0
736496,2016,6,15,1,,,0,5,0,0,0,0,0,0
736497,2016,6,16,1,,,0,3.2,0,0,0,0,0,0
736498,2016,6,17,1,,,0,4.8,0,0,0,0,0,0
736499,2016,6,18,0,,,0,0.8,0,0,0,0,0,0
736500,2016,6,19,0,,,0,0,0,0,0,0,0,0
736501,2016,6,20,0,,,0,0,0,0.2,0.2,0,0,0
736502,2016,6,21,1,,,0,0.2,0.4,1.6,0.8,0,0.8,0.2
736503,2016,6,22,1,,,0,1.59,1.19,4.93,4.34,0,2.38,4.34
736504,2016,6,23,1,,,0,3.4,2.6,0.2,0.4,0,2.4,0.2
736505,2016,6,24,1,,,1,0,0.2,0,0,0,0,0
736506,2016,6,25,0,,,0,0,0,0,0,0,0,0
736507,2016,6,26,0,,,0,0,0,0,0,0,0,0
736508,2016,6,27,0,,,0,0,0,0,0,0,0,0
736509,2016,6,28,0,,,0,0,0,0,0,0,0,0
736510,2016,6,29,0,,,0,0,0,0,0,0,0,0
736511,2016,6,30,0,,,0,0,0,0,0,0,0,0
736512,2016,7,1,0,,,0,0,0,0,0,0,0,0
736513,2016,7,2,0,,,0,0,0,0,0,0,0,0
736514,2016,7,3,0,,,0,0,0,0,0,0,0,0
736515,2016,7,4,0,,,0,0,0,0,0,0,0,0
736516,2016,7,5,0,,,0,0,0,0,0,0,0,0
736517,2016,7,6,0,,,0,0,0,0,0,0,0,0
736518,2016,7,7,0,,,0,0,0,0,0,0,0,0
736519,2016,7,8,0,,,0,0,0,0,0,0,0,0
736520,2016,7,9,0,,,0,0,0,0,0,0,0,0
736521,2016,7,10,0,,,0,0,0,0,0,0,0,0
736522,2016,7,11,1,,,0,6.2,5,7.89,0,0,7.46,5.9
736523,2016,7,12,1,,,0,7.4,6.2,1.59,7.53,0,5.51,2.37
736524,2016,7,13,1,,,0,0,1,0,1.97,0,0,0
736525,2016,7,14,0,,,0,0,0,0,0,0,0,0
736526,2016,7,15,0,,,0,0,0,0,0,0,0,0
736527,2016,7,16,0,,,0,0,0,0,0,0,0,0
736528,2016,7,17,1,,,11,0,0,0,0,0,0,0
736529,2016,7,18,0,,,0.2,0,0,0,0,0,0,0
736530,2016,7,19,0,,,0,0,0,0,0,0,0,0
736531,2016,7,20,0,Deslizamento,Eldorado,0,0,0,0,0,0,0,0
736532,2016,7,21,0,,,0,0,0,0,0,0,0,0
736533,2016,7,22,0,,,0,0,0,0,0,0,0,0
736534,2016,7,23,0,,,0,0,0,0,0,0,0,0
736535,2016,7,24,0,,,0,0,0,0,0,0,0,0
736536,2016,7,25,0,,,0,0,0,0,0,0,0,0
736537,2016,7,26,0,,,0,0,0,0,0,0,0,0
736538,2016,7,27,0,,,0,NA,NA,NA,0,0,NA,NA
736539,2016,7,28,0,,,0,NA,NA,NA,NA,NA,NA,NA
736540,2016,7,29,0,,,0,NA,NA,NA,NA,NA,NA,NA
736541,2016,7,30,0,,,0,NA,NA,NA,NA,NA,NA,NA
736542,2016,7,31,0,,,0,NA,NA,NA,NA,NA,NA,NA
736543,2016,8,1,0,,,0,0,0,0,0,0,0,0
736544,2016,8,2,0,,,0,0,0,0.4,0.4,0,0,0.2
736545,2016,8,3,0,,,0,0,0.2,0.4,0.2,0,0.2,0
736546,2016,8,4,0,,,0,0,0,0,0,0,0,0
736547,2016,8,5,0,,,0,0,0,0,0,0,0,0
736548,2016,8,6,0,,,0,0,0,0,0,0,0,0
736549,2016,8,7,0,,,0,0,0,0,0,0,0,0
736550,2016,8,8,0,,,0,0.2,0.2,0.8,0.2,0,0.2,0
736551,2016,8,9,0,,,0,0,0,0,0.2,0,0,0
736552,2016,8,10,1,,,0,0.4,0.8,1.2,0.8,0,0.8,0.4
736553,2016,8,11,0,,,0,0,0,0.2,0,0,0,0
736554,2016,8,12,0,,,0,0.2,0.4,0.8,0.4,0,0.4,0.2
736555,2016,8,13,0,,,0,0,0,0,0,0,0,0
736556,2016,8,14,0,,,0,0,0,0,0,0,0,0
736557,2016,8,15,1,,,0,2.6,1.8,4.14,3.35,0,3.56,3.15
736558,2016,8,16,1,,,0,1,1.6,0,0,0,0,0
736559,2016,8,17,1,,,0,0,0,0,4.53,0,0,0
736560,2016,8,18,1,,,0,14.57,8.2,13.21,10.25,0,15.76,11.4
736561,2016,8,19,1,Desabamento,Vila Nogueira,2,0.4,4,0.4,0.2,0,0.2,0
736562,2016,8,20,1,,,0,4.4,2.6,8.07,10.81,0,5.79,8.48
736563,2016,8,21,1,,,33.4,11.6,3.8,40.62,35.83,0,19.2,37.99
736564,2016,8,22,1,,,0,8,3.6,7.6,3.6,0,12.6,1.8
736565,2016,8,23,1,,,0,7,3.8,0.2,0.2,0,8.4,0
736566,2016,8,24,1,,,0,9,5.8,0,0,0,2.8,0
736567,2016,8,25,1,,,0,0.6,7.6,0,0,0,0,0
736568,2016,8,26,1,,,0,0,6.4,0,0,0,0,0
736569,2016,8,27,1,,,0,0,2.8,0,0,0,0,0
736570,2016,8,28,0,,,0,0,0,0,0,0,0,0
736571,2016,8,29,0,,,0,0,0,0,0,0,0,0
736572,2016,8,30,0,,,0,0,0,0,0,0,0,0
736573,2016,8,31,1,,,0,9.99,4,8.75,9.68,0,10.75,9.28
736574,2016,9,1,1,,,7.4,0.2,5,0,0.2,0,0,0
736575,2016,9,2,0,,,0,0,0,0,0,0,0,0
736576,2016,9,3,0,,,0,0,0,0,0,0,0,0
736577,2016,9,4,0,,,0,0,0,0,0,0,0,0
736578,2016,9,5,0,,,0,0,0,0,0,0,0,0
736579,2016,9,6,1,,,8.3,9.97,4.6,9.2,9.46,0,10.47,10.06
736580,2016,9,7,1,,,1.5,0.2,4.8,2.6,0.79,0,0.2,0
736581,2016,9,8,0,,,0,0,0,0,0,0,0,0
736582,2016,9,9,0,,,0,0,0,0,0,0,0,0
736583,2016,9,10,0,,,0,0,0,0,0,0,0,0
736584,2016,9,11,0,,,0,0,0,0,0,0,0,0
736585,2016,9,12,0,,,0,0,0,0,0,0,0,0
736586,2016,9,13,0,,,0,0,0,0,0,0,0,0
736587,2016,9,14,0,,,0,0,0,0,0,0,0,0
736588,2016,9,15,0,,,0,0,0,0,0,0,0,0
736589,2016,9,16,0,,,0,0,0,0,0,0,0,0
736590,2016,9,17,1,,,0,0,0,0,15.12,0,0,0
736591,2016,9,18,1,,,0,3.78,1.2,3.38,0.79,0,3.95,9.06
736592,2016,9,19,1,,,0,11.19,7.6,14.34,0.2,0,9.57,1.79
736593,2016,9,20,1,,,15,0.4,0.6,1.4,0.79,0,0.8,0.4
736594,2016,9,21,0,,,0,0,0,0,0,0,0,0
736595,2016,9,22,0,,,0.5,0.4,0.6,0.99,0,0,0.8,0
736596,2016,9,23,0,,,0,0,0,0,0,0,0,0
736597,2016,9,24,1,,,0,0,0,0,2,0,0,0
736598,2016,9,25,1,,,0,1.2,1.2,2.79,0.4,0,1.4,1.4
736599,2016,9,26,1,,,0,0.4,0.4,1,0,0,0.4,0.4
736600,2016,9,27,0,,,0,0,0,0,0,0,0,0
736601,2016,9,28,0,,,0,0,0,0,0,0,0,0
736602,2016,9,29,0,,,0,0,0,0,0.8,0,0,0
736603,2016,9,30,0,,,0,0.4,0.6,0.4,NA,0,0.4,0.2
736604,2016,10,1,1,,,0,0,0.2,1.2,1,0,0.2,0
736605,2016,10,2,1,,,2,0.4,0.6,1.8,0.8,0,1,0.2
736606,2016,10,3,1,,,0,7.55,10.08,11.86,12.86,0,5.2,10.09
736607,2016,10,4,1,,,5.1,3.4,3.19,3.37,1.59,0,7.8,3.19
736608,2016,10,5,1,,,3.1,0.8,1,1.2,0.8,0,1.8,0.2
736609,2016,10,6,1,,,0,8.13,6.72,5.12,7.29,0,2,12.08
736610,2016,10,7,1,,,6.3,0.2,0.2,0.4,0.4,0,5.6,0.4
736611,2016,10,8,0,,,0,0,0.2,0,0,0,0.6,0
736612,2016,10,9,0,,,0,0,0,0.2,0,0,0,0
736613,2016,10,10,0,,,0,0,0,0.6,0.2,0,0,0
736614,2016,10,11,0,,,0,0,0,0,0,0,0,0
736615,2016,10,12,0,,,0,0,0,0,0,0,0,0
736616,2016,10,13,1,,,0,11.43,10.65,10.83,12.44,0,3.6,10.64
736617,2016,10,14,1,,,0.4,0.79,0.8,2.37,0.6,0,3.8,0.99
736618,2016,10,15,1,,,2,5.9,6.71,0.39,0,0,3,1.18
736619,2016,10,16,1,,,6.8,0,0,0,0.2,0,2,0
736620,2016,10,17,1,,,0,0.2,0.2,0.4,0.2,0,1.4,0.2
736621,2016,10,18,1,,,0,0,0,0,3.95,0,0,0
736622,2016,10,19,0,,,0,0,0,0,0.4,0,0,0
736623,2016,10,20,1,,,0,1.39,2.38,1.8,0.8,0,2.8,1.99
736624,2016,10,21,1,,,0.5,3.54,3.96,4.34,9.85,0,4,3.75
736625,2016,10,22,1,,,3.7,1,1.2,1.8,2.57,0,1.4,0.6
736626,2016,10,23,1,,,0,0,0.2,0.2,5.96,0,0.2,0
736627,2016,10,24,0,,,0,0,0,0,0,0,0,0
736628,2016,10,25,1,Solapamento,Campanario,0,12.67,12.29,13.25,0.4,0,6,12.86
736629,2016,10,26,1,,,0.8,0,0,0.2,0,0,3.6,0
736630,2016,10,27,1,Desabamento,Centro,0,12.43,10.26,5.54,0,0,3.8,21.09
736631,2016,10,28,1,,,11,0,0,0,NA,0,3.2,0
736632,2016,10,29,1,,,0,0,0,0.2,NA,0,2.2,0
736633,2016,10,30,0,,,0,0,0,0.6,NA,0,0.8,0
736634,2016,10,31,0,,,0,0,0,0,NA,0,0,0
736635,2016,11,1,0,,,0,0,0,0,0.2,0,0,0
736636,2016,11,2,1,,,0,1,0.79,0.2,0.8,0,1.19,1.18
736637,2016,11,3,1,,,1.5,32.89,26.8,27.59,1.4,0,5,36.22
736638,2016,11,4,1,,,0,1,1.2,1.4,0,0,4.6,1
736639,2016,11,5,1,,,3,0,0,0,0,0,4,0
736640,2016,11,6,1,,,0,3.43,0,0,0,0,3.8,0
736641,2016,11,7,1,,,0,0,0,0,18.86,0,3.6,0
736642,2016,11,8,1,,,0,0,0,0,5.78,0,2.4,0
736643,2016,11,9,1,,,0,22.56,22.33,26.55,17.33,0,2.8,18.11
736644,2016,11,10,1,,,53,11.03,11.61,14.34,24.57,0,6,12.59
736645,2016,11,11,1,,,0,0.98,0.98,5.12,1.98,0,4.6,0.99
736646,2016,11,12,1,,,0.3,2.79,2.6,5.18,0.2,0,3,2.38
736647,2016,11,13,1,,,0,19.33,19.72,20.52,0,0,3,19.73
736648,2016,11,14,1,,,10.6,8.35,8.35,6.97,46.72,0,3.2,8.92
736649,2016,11,15,1,,,0,2.99,2.39,5.17,3.39,0,4.2,2.6
736650,2016,11,16,1,,,0,2.17,2.16,3.35,1.4,0,3.6,2.18
736651,2016,11,17,1,,,0,12.61,13.01,4.93,NA,0,3.2,11.8
736652,2016,11,18,1,,,15.5,3.94,5.72,1.78,NA,0,2.2,1.39
736653,2016,11,19,1,,,0,2.18,2.58,3.75,NA,0,3.4,1.77
736654,2016,11,20,1,,,0,0,0,0,NA,0,2.2,0
736655,2016,11,21,1,,,0,0,0,0,NA,0,1.8,0
736656,2016,11,22,1,,,0,0,0,0,NA,0,1.6,0
736657,2016,11,23,1,,,0,4.14,3.93,4.73,NA,0,1.4,6.7
736658,2016,11,24,1,,,0,0,0,0,NA,0,1.4,0.2
736659,2016,11,25,1,,,0,0,0,0,NA,0,1.4,0
736660,2016,11,26,1,,,0,0,0,NA,NA,0,1,0
736661,2016,11,27,0,,,0,0,0,NA,NA,0,0.8,0
736662,2016,11,28,1,,,0,2.36,1.57,NA,NA,0,0.4,1.19
736663,2016,11,29,1,,,0,26.28,18.17,NA,NA,0,1,53.91
736664,2016,11,30,1,,,0,4.58,5.38,NA,NA,0,0.8,4.19
736665,2016,12,1,1,,,1.5,0,0.2,0.6,0,0,1,0
736666,2016,12,2,1,,,0,0,0,0,10.91,0,1,0
736667,2016,12,3,1,,,0,11.45,7.09,0,44.2,0,1,14.88
736668,2016,12,4,1,,,42,5.29,5.11,0,0.2,0,1.2,4.52
736669,2016,12,5,1,,,0.1,2.95,3.35,16.93,0,0,1,3.15
736670,2016,12,6,1,,,0,0,0,17.47,0,0,0.6,0.2
736671,2016,12,7,1,,,0,7.08,9.65,16.32,0,0,10.23,5.12
736672,2016,12,8,1,,,0,0,0,0,15.94,0,0.4,3.15
736673,2016,12,9,1,,,0,0,0,4.73,23.88,0,0,0
736674,2016,12,10,1,,,0.1,15.24,16.42,2.76,4.76,0,18.6,22.32
736675,2016,12,11,1,,,0.8,21.27,18.55,0,0,0,19.13,16.96
736676,2016,12,12,1,,,0,8.7,9.29,0,7.87,0,8.29,6.94
736677,2016,12,13,1,,,NA,0,0,0,2.57,0,0,0
736678,2016,12,14,0,,,NA,0.39,0.4,0,0,0,0.4,0.2
736679,2016,12,15,1,,,NA,1.8,2.2,3.55,0.78,0,1.8,1.4
736680,2016,12,16,1,,,NA,0,0,0,0,3.54,0,0
736681,2016,12,17,1,,,NA,0,0,1.96,0,29.43,0,0
736682,2016,12,18,1,,,NA,0,0,NA,12.26,15.75,0,0
736683,2016,12,19,1,,,NA,1.78,1.58,NA,0.2,0,1.77,0.8
736684,2016,12,20,1,,,NA,28.05,13.55,NA,3.15,3.54,14.95,15.15
736685,2016,12,21,1,,,NA,7.49,14.96,NA,NA,2.18,12.61,12.02
736686,2016,12,22,0,,,NA,0,0.2,NA,NA,0,0,0
736687,2016,12,23,1,,,NA,4.73,3.35,NA,NA,0,4.33,4.34
736688,2016,12,24,1,,,NA,6.11,5.11,NA,NA,0,6.7,3.17
736689,2016,12,25,0,,,NA,0,0,NA,NA,0,0,0
736690,2016,12,26,1,,,NA,0,0,NA,NA,8.85,0.59,1.57
736691,2016,12,27,0,,,NA,0,0,NA,NA,0,0,0
736692,2016,12,28,1,,,NA,0,0,NA,NA,3.15,0,0
736693,2016,12,29,1,,,NA,24.34,15,NA,NA,NA,17.42,17.32
736694,2016,12,30,0,,,NA,0,0,NA,NA,NA,0.2,0
736695,2016,12,31,1,,,NA,3.36,2.37,NA,NA,NA,2.17,3.55
736696,2017,1,1,1,,,NA,0.4,0.2,2.95,0.2,0.39,0.2,0
736697,2017,1,2,1,,,NA,53.82,37.82,29.65,31.56,39.4,51.9,82.74
736698,2017,1,3,1,,,NA,0.4,1,0.4,0.2,0.2,1,8.67
736699,2017,1,4,0,,,NA,0,0,0,0,0,0,0
736700,2017,1,5,0,,,NA,0.2,0,0,0,0,0,0
736701,2017,1,6,0,,,NA,0.2,0,0,0.4,0,0,0.2
736702,2017,1,7,1,,,NA,5.33,6.52,15.15,7.88,9.86,5.92,3.74
736703,2017,1,8,0,,,NA,0,0.59,0,0.4,0.2,0.8,0.4
736704,2017,1,9,0,,,NA,0,0,0,0,0,0,0
736705,2017,1,10,1,,,NA,3.35,3.74,0.2,1.59,1.58,3.94,3.16
736706,2017,1,11,1,,,NA,8.65,9.06,13.6,19.93,17.34,8.46,10.42
736707,2017,1,12,1,Solapamento,Centro,NA,3.76,3.57,6.33,5.14,4.36,3.75,3.37
736708,2017,1,13,0,,,NA,0.2,0.2,0.2,0.6,0.2,0.2,0.2
736709,2017,1,14,0,,,NA,0,0,0,0,0,0,0
736710,2017,1,15,1,,,NA,0.39,5.12,0,0,0.98,4.73,16.63
736711,2017,1,16,1,Alagamento,Eldorado,NA,7.7,13.25,10.03,5.91,8.67,13.05,14.79
736712,2017,1,17,1,,,NA,39.74,47.7,31.34,29.56,37.62,49.21,50.1
736713,2017,1,18,1,,,NA,47.06,41.29,28.53,40.15,33.31,43.32,43.73
736714,2017,1,19,1,Deslizamento,Eldorado,NA,28.18,26.4,38.8,23.25,35.67,26,24.23
736715,2017,1,20,1,,,NA,19.18,17.81,29.03,27.02,19.19,18.38,18.21
736716,2017,1,21,1,,,NA,27.6,26.42,29.51,21.89,27.95,27.21,27.21
736717,2017,1,22,1,,,NA,9.3,8.1,9.49,9.1,9.31,8.53,9.3
736718,2017,1,23,1,Deslizamento,Eldorado,NA,3.15,0.79,9.85,2.16,6.13,0.39,0
736719,2017,1,24,1,,,NA,0,0,0,3.97,0,0.2,0
736720,2017,1,25,0,,,NA,0,0,0,0,0,0,0.2
736721,2017,1,26,1,Solapamento,Eldorado,NA,16.35,15.75,12,14.56,13.38,16.72,18.71
736722,2017,1,27,1,,,NA,12.6,12.41,9.06,14.76,11.02,12.6,12.79
736723,2017,1,28,0,,,NA,0,0,0,0,0,0,0
736724,2017,1,29,0,,,NA,0.79,0.4,0,0.4,0.2,0.2,0
736725,2017,1,30,0,,,NA,0,0,0,0,0,0,0
736726,2017,1,31,0,,,NA,0,0,0,0,0,0,0
736727,2017,2,1,1,,,NA,40.07,38.99,36.24,40.16,31.55,40.19,52.19
736728,2017,2,2,1,,,NA,2.95,2.97,4.94,2.76,4.54,3.16,2.78
736729,2017,2,3,1,,,NA,4.33,4.14,1.19,2.17,3.36,4.14,3.95
736730,2017,2,4,1,,,NA,3.57,4.75,13.8,3.55,9.26,5.31,3.54
736731,2017,2,5,0,,,NA,0,0,0,0,0,0,0
736732,2017,2,6,1,Solapamento,Campanario,NA,16.12,10.63,8.08,16.13,8.46,11.41,11.39
736733,2017,2,7,0,Deslizamento,Eldorado,NA,0.4,0.8,0.79,0.4,0.6,0.6,0.2
736734,2017,2,8,0,,,NA,0,0,0.79,0,0.2,0,0
736735,2017,2,9,0,,,NA,0,0,0,0,0,0,0
736736,2017,2,10,0,,,NA,0,0,0,0,0,0,0
736737,2017,2,11,0,,,NA,0.2,0,0,0,0,0,0
736738,2017,2,12,1,,,NA,0.2,0,0.78,0.2,3.75,0,0
736739,2017,2,13,1,,,NA,0,0,0.99,3.74,0,0,0
736740,2017,2,14,0,Deslizamento,Centro,NA,0,0,0,0,0,0,0
736741,2017,2,15,0,,,NA,0,0,0,0,0,0,0
736742,2017,2,16,0,,,NA,0,0,0,0,0,0,0
736743,2017,2,17,0,,,NA,0,0,0,0,0,0,0
736744,2017,2,18,0,,,NA,0,0,0,0,0,0,0
736745,2017,2,19,0,,,NA,0.2,0,0,0,0,0,0
736746,2017,2,20,0,,,NA,0,0,0,0,0,0,0
736747,2017,2,21,0,,,NA,0,0,0,0,0,0,0
736748,2017,2,22,1,,,NA,5.52,6.11,4.53,11.24,9.85,4.72,3.53
736749,2017,2,23,1,,,NA,2.55,1.77,8.28,3.54,0,2.16,0.98
736750,2017,2,24,1,,,NA,91.99,99.09,44.76,66.56,74.36,102.06,79.25
736751,2017,2,25,1,,,NA,1.78,1.38,0.99,1.4,1.19,1.58,1.77
736752,2017,2,26,1,,,NA,0,0,2.17,0,0,0,0
736753,2017,2,27,0,,,NA,0,0,0.6,0,0.4,0,0
736754,2017,2,28,0,,,NA,0,0,0.2,0,0,0,0
736755,2017,3,1,0,,,NA,0,0,0,0,0,0,0
736756,2017,3,2,1,,,NA,33.98,19.94,58.16,99.78,22.67,23.13,24.96
736757,2017,3,3,1,Alagamento,Casa Grande,NA,5.12,4.33,10.49,4.91,4.13,5.33,3.55
736757,2017,3,3,1,Alagamento,Casa Grande,NA,5.12,4.33,10.49,4.91,4.13,5.33,3.55
736757,2017,3,3,1,Inundacao,Piraporinha,NA,5.12,4.33,10.49,4.91,4.13,5.33,3.55
736757,2017,3,3,1,Alagamento,Casa Grande,NA,5.12,4.33,10.49,4.91,4.13,5.33,3.55
736757,2017,3,3,1,Alagamento,Piraporinha,NA,5.12,4.33,10.49,4.91,4.13,5.33,3.55
736757,2017,3,3,1,Inundacao,Piraporinha,NA,5.12,4.33,10.49,4.91,4.13,5.33,3.55
736757,2017,3,3,1,Alagamento,Piraporinha,NA,5.12,4.33,10.49,4.91,4.13,5.33,3.55
736757,2017,3,3,1,Alagamento,Casa Grande,NA,5.12,4.33,10.49,4.91,4.13,5.33,3.55
736758,2017,3,4,0,Alagamento,Piraporinha,NA,0,0,0,0,0,0,0.2
736759,2017,3,5,1,,,NA,9.44,7.88,41.12,15.15,13.61,7.67,7.67
736760,2017,3,6,1,Inundacao,Piraporinha,NA,11.06,10.26,4.56,11.23,8.09,12.62,14.58
736761,2017,3,7,1,Deslizamento,Inamar,NA,74.83,58.38,93.53,57.99,77.23,57.56,35.32
736761,2017,3,7,1,Solapamento,Inamar,NA,74.83,58.38,93.53,57.99,77.23,57.56,35.32
736762,2017,3,8,1,Deslizamento,Eldorado,NA,11.23,10.62,11.04,10.86,11.44,10.62,9.63
736762,2017,3,8,1,Deslizamento,Eldorado,NA,11.23,10.62,11.04,10.86,11.44,10.62,9.63
736762,2017,3,8,1,Deslizamento,Eldorado,NA,11.23,10.62,11.04,10.86,11.44,10.62,9.63
736762,2017,3,8,1,Deslizamento,Eldorado,NA,11.23,10.62,11.04,10.86,11.44,10.62,9.63
736762,2017,3,8,1,Alagamento,Vila Nogueira,NA,11.23,10.62,11.04,10.86,11.44,10.62,9.63
736763,2017,3,9,0,Alagamento,Piraporinha,NA,0,0,0,0,0,0,0
736763,2017,3,9,0,Deslizamento,Vila Nogueira,NA,0,0,0,0,0,0,0
736764,2017,3,10,0,,,NA,0,0,0,0,0,0,0
736765,2017,3,11,0,,,NA,0,0,0,0,0,0,0
736766,2017,3,12,0,,,NA,0.2,0,0,0,0,0,0
736767,2017,3,13,1,Deslizamento,Conceicao,NA,0.4,0,2.2,2.17,1.98,0,0
736768,2017,3,14,0,,,NA,0.2,0.2,0.4,0.2,0,0.2,0.39
736769,2017,3,15,0,,,NA,0.2,0.2,0.2,0,0,0.2,0.79
736770,2017,3,16,0,,,NA,0,0,0,0,0,0,0
736771,2017,3,17,1,Deslizamento,Casa Grande,NA,4.94,6.31,9.46,4.95,10.27,5.72,8.46
736772,2017,3,18,1,,,NA,13.94,16.62,7.54,8.7,12.5,17.6,8.28
736773,2017,3,19,1,,,NA,2.6,2.59,4.18,3.19,2.6,2.6,2.2
736774,2017,3,20,0,,,NA,0,0,0.6,0,0.4,0,0
736775,2017,3,21,0,,,NA,0,0,0,0,0,0,0
736776,2017,3,22,0,,,NA,0,0,0,0,0,0,0
736777,2017,3,23,0,,,NA,0,0,0,0,0,0,0
736778,2017,3,24,0,,,NA,0,0,0,0,0,0,0
736779,2017,3,25,0,,,NA,0,0,0,0,0,0,0
736780,2017,3,26,0,,,NA,0,0,0,0,0,0,0
736781,2017,3,27,0,,,NA,0,0,0,0,0,0,0
736782,2017,3,28,0,,,NA,0.4,0.39,0.4,0.4,0.6,0.4,0.4
736783,2017,3,29,1,,,NA,1.2,1.2,5.32,1,2.97,0.8,0.6
736784,2017,3,30,0,,,NA,0,0,0.2,0,0,0,0
736785,2017,3,31,0,,,NA,0,0,0.2,0,0.4,0,0
736786,2017,4,1,1,,,NA,0.99,1.38,5.13,1.38,3.15,0.98,0.6
736787,2017,4,2,1,,,NA,1.59,1.99,4.13,1.59,2.78,1.8,0.8
736788,2017,4,3,0,,,NA,0,0,0,0,0,0,0
736789,2017,4,4,0,,,NA,0,0,0,0,0,0,0
736790,2017,4,5,0,,,NA,0,0,0,0,0,0,0
736791,2017,4,6,1,,,NA,27.59,27.96,21.66,24.21,22.87,29.54,33.69
736792,2017,4,7,1,,,NA,55.57,53.87,33.7,50.28,47.9,52.12,59.83
736793,2017,4,8,1,,,NA,1.6,1.4,2.78,1.6,1.2,1.79,1.79
736794,2017,4,9,0,,,NA,0,0,0.2,0,0,0,0
736795,2017,4,10,0,,,NA,0,0.4,0,0,0,0.2,0.2
736796,2017,4,11,0,,,NA,0,0,0,0,0,0,0
736797,2017,4,12,1,,,NA,6.14,5.56,5.14,2,5.56,6.33,6.33
736798,2017,4,13,1,,,NA,4.96,5.15,4.77,4.57,4.37,5.34,3.36
736799,2017,4,14,0,,,NA,0,0,0,0,0,0,0
736800,2017,4,15,0,,,NA,0,0,0,0,0,0,0
736801,2017,4,16,0,,,NA,0,0,0,0,0,0,0
736802,2017,4,17,1,,,NA,0.6,1.4,2.77,0.6,1.4,1.2,0.6
736803,2017,4,18,1,,,NA,0.6,0.6,1,0.4,0.8,0.6,1.19
736804,2017,4,19,0,,,NA,0,0,0,0,0,0,0
736805,2017,4,20,0,,,NA,0,0,0,0,0,0,0
736806,2017,4,21,1,,,NA,50.03,48.01,41.21,45.57,40.01,49.26,45.89
736807,2017,4,22,1,,,NA,5.72,4.55,5.54,6.71,5.32,4.54,4.72
736808,2017,4,23,1,,,NA,2.77,1.98,3.38,1.98,2.78,2.38,2.97
736809,2017,4,24,0,,,NA,0,0,0,0,0,0,0
736810,2017,4,25,0,,,NA,0,0,0,0,0,0,0
736811,2017,4,26,1,,,NA,17.33,16.74,15.35,15.94,15.15,17.5,19.5
736812,2017,4,27,0,,,NA,0.8,0.6,0.2,0.6,0.2,0.8,0.4
736813,2017,4,28,0,,,NA,0,0.2,0,0.2,0,0.2,0.2
736814,2017,4,29,0,,,NA,0,0,0,0,0,0,0
736815,2017,4,30,0,,,NA,0,0,0.2,0,0,0,0
736816,2017,5,1,0,,,NA,0,0,0,0,0,0,0
736817,2017,5,2,0,Solapamento,Casa Grande,NA,0,0,0,0,0,0,0
736818,2017,5,3,0,,,NA,0,0,0,0,0,0,0
736819,2017,5,4,0,,,NA,0,0,0,0,0,0,0
736820,2017,5,5,1,Desabamento,Eldorado,NA,28.19,25.08,24.82,31.35,27.62,26,28.55
736821,2017,5,6,1,,,NA,3.16,1.98,3.54,3.54,1.97,1.98,2.37
736822,2017,5,7,1,,,NA,1.19,1,6.72,1.79,3.18,1,0.99
736823,2017,5,8,0,,,NA,0,0,0,0,0,0,0
736824,2017,5,9,0,,,NA,0,0,0,0,0,0,0
736825,2017,5,10,0,,,NA,0,0,0,0,0,0,0
736826,2017,5,11,1,,,NA,1.2,1.6,2.97,1.4,2.2,1.6,0.8
736827,2017,5,12,0,,,NA,0,0,0,0,0,0,0
736828,2017,5,13,0,,,NA,0,0,0,0,NA,0,0
736829,2017,5,14,0,,,NA,0,0,0,0,NA,0,0
736830,2017,5,15,0,,,NA,0,0,0,0,NA,0,0
736831,2017,5,16,0,,,NA,0,0,0,0,NA,0,0
736832,2017,5,17,0,,,NA,0,0,0,0,NA,0,0
736833,2017,5,18,1,,,NA,2.39,2.59,1.8,2.98,NA,2.79,3.36
736834,2017,5,19,1,,,NA,44.28,42.87,40.97,36.82,NA,41.72,42.88
736835,2017,5,20,0,,,NA,0,0.2,0,0.2,NA,0.2,0
736836,2017,5,21,1,,,NA,NA,24.98,21.86,24.01,NA,24.37,26.91
736837,2017,5,22,1,,,NA,NA,16.58,17.16,16.34,NA,15.98,18.33
736838,2017,5,23,0,,,NA,NA,0,0,0.2,NA,0,0
736839,2017,5,24,0,,,NA,NA,0,0,0,NA,0,0
736840,2017,5,25,0,,,NA,NA,0,0,0,NA,0,0
736841,2017,5,26,0,,,NA,NA,0,0,0,NA,0,0
736842,2017,5,27,0,,,NA,NA,0,0,0,NA,0,0
736843,2017,5,28,0,,,NA,NA,0,0,0,NA,0,0
736844,2017,5,29,0,,,NA,NA,0,0,0,NA,0,0
736845,2017,5,30,0,,,NA,NA,0.4,0.4,0.6,NA,0.4,0.2
736846,2017,5,31,0,,,NA,NA,0,0,0,NA,0,0
736847,2017,6,1,1,Desabamento,Piraporinha,NA,NA,0.2,1.38,0,NA,0,0
736848,2017,6,2,0,,,NA,NA,0,0,0,NA,0,0
736849,2017,6,3,0,,,NA,NA,0,0,0,NA,0,0
736850,2017,6,4,0,,,NA,NA,0,0,0,NA,0,0
736851,2017,6,5,1,,,NA,NA,34.63,NA,32.71,NA,32.46,30.91
736852,2017,6,6,1,,,NA,NA,25.59,NA,22.03,NA,25.41,31.11
736853,2017,6,7,1,,,NA,NA,21.21,NA,18.1,NA,20.19,18.94
736854,2017,6,8,0,,,NA,NA,0,NA,0,NA,0,0
736855,2017,6,9,0,,,NA,NA,0.6,NA,0.4,NA,0.6,0.6
736856,2017,6,10,0,,,NA,NA,0,NA,0,NA,0,0
736857,2017,6,11,0,,,NA,NA,0,NA,0,NA,0,0
736858,2017,6,12,0,,,NA,NA,0,NA,0,NA,0,0
736859,2017,6,13,1,,,NA,NA,12.46,NA,12.23,NA,12.83,12.83
736860,2017,6,14,1,,,NA,NA,1,NA,0.8,NA,1,0.8
736861,2017,6,15,0,,,NA,NA,0,NA,0,NA,0,0
736862,2017,6,16,0,,,NA,NA,0,NA,0,NA,0,0
736863,2017,6,17,0,,,NA,NA,0,NA,0,NA,0,0
736864,2017,6,18,0,,,NA,NA,0,NA,0,NA,0,0
736865,2017,6,19,0,Deslizamento,Inamar,NA,NA,0,NA,0,NA,0,0
736866,2017,6,20,1,,,NA,NA,1.6,NA,2.2,NA,2,1.4
736867,2017,6,21,0,,,NA,NA,0.6,NA,0.8,NA,0.8,0.2
736868,2017,6,22,0,,,NA,NA,0,NA,0,NA,0.2,0
736869,2017,6,23,0,,,NA,NA,0,NA,0,NA,0,0
736870,2017,6,24,0,,,NA,NA,0,NA,0,NA,0,0
736871,2017,6,25,0,,,NA,NA,0,NA,0,NA,0,0
736872,2017,6,26,0,,,NA,NA,0,NA,0,NA,0,0
736873,2017,6,27,0,,,NA,NA,0,NA,0,NA,0,0
736874,2017,6,28,0,,,NA,NA,0,NA,0,NA,0,0
736875,2017,6,29,0,,,NA,NA,0,NA,0,NA,0,0
736876,2017,6,30,0,,,NA,NA,0,NA,0,NA,0,0
736877,2017,7,1,1,,,NA,NA,1.8,NA,0.99,NA,1.39,0.59
736878,2017,7,2,1,,,NA,NA,0.8,NA,0.99,NA,1,0.2
736879,2017,7,3,0,,,NA,NA,0.8,NA,0.79,NA,0.8,0.4
736880,2017,7,4,0,,,NA,NA,0,NA,0.2,NA,0,0
736881,2017,7,5,0,Solapamento,Eldorado,NA,NA,0,NA,0,NA,0,0
736882,2017,7,6,0,,,NA,NA,0,NA,0,NA,0,0
736883,2017,7,7,0,,,NA,NA,0,NA,0,NA,0,0
736884,2017,7,8,0,,,NA,NA,0,NA,0,NA,0,0
736885,2017,7,9,0,,,NA,NA,0,NA,0,NA,0,0
736886,2017,7,10,0,,,NA,NA,0,NA,0,NA,0,0
736887,2017,7,11,0,,,NA,NA,0,NA,0,NA,0,0
736888,2017,7,12,0,,,NA,NA,0,NA,0,NA,0,0
736889,2017,7,13,0,,,NA,NA,0,NA,0,NA,0,0
736890,2017,7,14,0,,,NA,NA,0,NA,0,NA,0,0
736891,2017,7,15,0,,,NA,NA,0,NA,0,NA,0,0
736892,2017,7,16,0,,,NA,NA,0,NA,0,NA,0,0
736893,2017,7,17,0,,,NA,NA,0,NA,0,NA,0,0
736894,2017,7,18,1,,,NA,NA,0,NA,1.18,NA,0.2,0
736895,2017,7,19,0,,,NA,NA,0.2,NA,0.2,NA,0,0
736896,2017,7,20,0,,,NA,NA,0,NA,0,NA,0,0
736897,2017,7,21,0,,,NA,NA,0,NA,0,NA,0,0
736898,2017,7,22,0,,,NA,NA,0,NA,0,NA,0,0
736899,2017,7,23,0,,,NA,NA,0,NA,0,NA,0,0
736900,2017,7,24,0,,,NA,NA,0,NA,0,NA,0,0
736901,2017,7,25,0,,,NA,NA,0,NA,0,NA,0,0
736902,2017,7,26,0,,,NA,NA,0,NA,0,NA,0,0
736903,2017,7,27,0,,,NA,NA,0,NA,0,NA,0,0
736904,2017,7,28,0,,,NA,NA,0,NA,0,NA,0,0
736905,2017,7,29,0,,,NA,NA,0,NA,0,NA,0,0
736906,2017,7,30,0,,,NA,NA,0,NA,0,NA,0,0
736907,2017,7,31,0,,,NA,NA,0,NA,0,NA,0,0
736908,2017,8,1,0,,,NA,NA,0,NA,0,NA,0,0
736909,2017,8,2,0,,,NA,NA,0,NA,0,NA,0,0
736910,2017,8,3,1,,,NA,NA,1.79,NA,0.79,NA,1.38,0.99
736911,2017,8,4,1,,,NA,NA,1.8,NA,2.79,NA,2.8,2.2
736912,2017,8,5,1,,,NA,NA,9.12,NA,7.36,NA,8.78,6.56
736913,2017,8,6,0,,,NA,NA,0,NA,0.2,NA,0,0
736914,2017,8,7,0,Desabamento,Inamar,NA,NA,0,NA,0,NA,0,0
736915,2017,8,8,0,,,NA,NA,0,NA,0,NA,0,0
736916,2017,8,9,0,Alagamento,Eldorado,NA,NA,0,NA,0,NA,0,0
736917,2017,8,10,0,Solapamento,Campanario,NA,NA,0,NA,0,NA,0,0
736918,2017,8,11,0,,,NA,NA,0,NA,0,NA,0,0
736919,2017,8,12,0,,,NA,NA,0,NA,0,NA,0,0
736920,2017,8,13,0,,,NA,NA,0,NA,0,NA,0,0
736921,2017,8,14,0,,,NA,NA,0,NA,0,NA,0,0
736922,2017,8,15,1,Deslizamento,Centro,NA,NA,9.27,NA,3.96,NA,9.47,10.06
736923,2017,8,16,1,,,NA,NA,3.96,NA,4.55,NA,4.36,3.96
736924,2017,8,17,1,,,NA,NA,12.23,NA,12.21,NA,12.05,11.26
736925,2017,8,18,0,,,NA,NA,0.4,NA,0.8,NA,0.4,0.2
736926,2017,8,19,1,,,NA,NA,4.98,NA,4.78,NA,5.18,5.36
736927,2017,8,20,1,,,NA,NA,30.09,NA,9.86,NA,30.48,30.29
736928,2017,8,21,1,,,NA,NA,6.17,NA,2.8,NA,6.97,6.17
736929,2017,8,22,0,,,NA,NA,0,NA,0,NA,0,0
736930,2017,8,23,0,,,NA,NA,0,NA,0,NA,0,0
736931,2017,8,24,0,,,NA,NA,0,NA,0,NA,0,0
736932,2017,8,25,0,,,NA,NA,0,NA,0,NA,0,0
736933,2017,8,26,0,,,NA,NA,0,NA,0,NA,0,0
736934,2017,8,27,0,,,NA,NA,0,NA,0,NA,0,0
736935,2017,8,28,0,,,NA,NA,0,NA,0,NA,0,0
736936,2017,8,29,0,,,NA,NA,0,NA,0,NA,0,0
736937,2017,8,30,0,Desabamento,Eldorado,NA,NA,0,NA,0,NA,0,0
736938,2017,8,31,1,,,NA,NA,1,NA,0.4,NA,1,0.2
736939,2017,9,1,0,,,NA,NA,0.2,NA,0.2,NA,0.2,0
736940,2017,9,2,0,,,NA,NA,0,NA,0,NA,0,0
736941,2017,9,3,0,,,NA,NA,0,NA,0,NA,0,0
736942,2017,9,4,0,,,NA,NA,0,NA,0,NA,0,0
736943,2017,9,5,0,,,NA,NA,0,NA,0,NA,0,0
736944,2017,9,6,0,,,NA,NA,0,NA,0,NA,0,0
736945,2017,9,7,0,,,NA,NA,0,NA,0,NA,0,0
736946,2017,9,8,0,,,NA,NA,0,NA,0,NA,0,0
736947,2017,9,9,0,,,NA,NA,0,NA,0,NA,0,0
736948,2017,9,10,0,,,NA,NA,0,NA,0,NA,0,0
736949,2017,9,11,0,,,NA,NA,0,NA,0,NA,0,0
736950,2017,9,12,0,,,NA,NA,0,NA,0,NA,0,0
736951,2017,9,13,0,,,NA,NA,0,NA,0,NA,0,0
736952,2017,9,14,0,,,NA,NA,0,NA,0,NA,0,0
736953,2017,9,15,0,,,NA,NA,0,NA,0,NA,0,0
736954,2017,9,16,0,,,NA,NA,0,NA,0,NA,0,0
736955,2017,9,17,0,,,NA,NA,0,NA,0,NA,0,0
736956,2017,9,18,0,,,NA,NA,0,NA,0,NA,0,0
736957,2017,9,19,0,,,NA,NA,0,NA,0,NA,0,0
736958,2017,9,20,0,,,NA,NA,0,NA,0,NA,0,0
736959,2017,9,21,0,,,NA,NA,0,NA,0,NA,0,0
736960,2017,9,22,0,,,NA,NA,0,NA,0,NA,0,0
736961,2017,9,23,0,,,NA,NA,0,NA,0,NA,0,0
736962,2017,9,24,0,,,NA,NA,0,NA,0,NA,0,0
736963,2017,9,25,0,,,NA,NA,0,NA,0,NA,0,0
736964,2017,9,26,0,,,NA,NA,0,NA,0,NA,0,0
736965,2017,9,27,0,,,NA,NA,0,NA,0,NA,0.6,0
736966,2017,9,28,1,,,NA,NA,0.6,NA,0.6,NA,1,0.6
736967,2017,9,29,1,,,NA,NA,1,NA,0.8,NA,20.3,1.59
736968,2017,9,30,1,,,NA,NA,32.88,NA,29.51,NA,NA,36.46
736969,2017,10,1,1,,,NA,NA,4.13,NA,4.52,NA,18.76,4.13
736970,2017,10,2,1,Solapamento,Campanario,NA,NA,13.8,NA,15.53,NA,14.2,16.52
736971,2017,10,3,1,,,NA,NA,1.77,NA,1.58,NA,1.4,1.39
736972,2017,10,4,0,,,NA,NA,0,NA,0,NA,0,0
736973,2017,10,5,0,,,NA,NA,0,NA,0,NA,0,0
736974,2017,10,6,0,,,NA,NA,0,NA,0.2,NA,0,0
736975,2017,10,7,1,,,NA,NA,15.99,NA,17.59,NA,14.78,8.13
736976,2017,10,8,1,,,NA,NA,21.65,NA,14.54,NA,10.13,18.61
736977,2017,10,9,1,,,NA,NA,0,NA,0.2,NA,9.8,0
736978,2017,10,10,0,,,NA,NA,0,NA,0,NA,0.8,0.2
736979,2017,10,11,0,,,NA,NA,0,NA,0,NA,0,0
736980,2017,10,12,1,,,NA,NA,4.13,NA,0,NA,3.36,2.95
736981,2017,10,13,1,,,NA,NA,20.22,NA,40.17,NA,8.09,9.85
736982,2017,10,14,1,,,NA,NA,0,NA,0.4,NA,11,0.2
736983,2017,10,15,1,,,NA,NA,0.6,NA,0.8,NA,1.6,0.4
736984,2017,10,16,0,,,NA,NA,0,NA,0,NA,0,0
736985,2017,10,17,0,,,NA,NA,0,NA,0,NA,0,0
736986,2017,10,18,0,,,NA,NA,0,NA,0,NA,0,0
736987,2017,10,19,0,Desabamento,Serraria,NA,NA,0,NA,0,NA,0,0
736988,2017,10,20,0,,,NA,NA,0,NA,0,NA,0,0
736989,2017,10,21,0,,,NA,NA,0.2,NA,0.6,NA,0.4,0.4
736990,2017,10,22,1,,,NA,NA,3.8,NA,4.18,NA,3.6,3.39
736991,2017,10,23,1,,,NA,NA,2,NA,1.4,NA,3,0.6
736992,2017,10,24,0,,,NA,NA,0.2,NA,0,NA,0,0
736993,2017,10,25,1,,,NA,NA,16.57,NA,10.42,NA,5.37,9.45
736994,2017,10,26,1,,,NA,NA,37.53,NA,38.09,NA,10.2,39.33
736995,2017,10,27,1,Solapamento,Centro,NA,NA,8.78,NA,9.45,NA,8.4,5.13
736995,2017,10,27,1,Solapamento,Centro,NA,NA,8.78,NA,9.45,NA,8.4,5.13
736995,2017,10,27,1,Solapamento,Campanario,NA,NA,8.78,NA,9.45,NA,8.4,5.13
736996,2017,10,28,1,,,NA,NA,0.2,NA,0.2,NA,9,0.2
736997,2017,10,29,1,,,NA,NA,0.4,NA,1.19,NA,9.2,0
736998,2017,10,30,1,,,NA,NA,1.6,NA,1.39,NA,5.6,1.79
736999,2017,10,31,1,Desabamento,Eldorado,NA,NA,4.93,NA,7.9,NA,4.2,3.95
737000,2017,11,1,1,,,NA,15.75,3.58,46.12,3.37,41.89,3.2,1.8
737001,2017,11,2,1,,,NA,9.85,0,12.41,0,18.71,0,0
737002,2017,11,3,1,,,NA,46.14,0,32.55,0,37.26,0,0
737003,2017,11,4,1,,,NA,6.5,29.7,8.47,31.78,10.63,6.27,34.58
737004,2017,11,5,1,,,NA,1.59,2.77,1.2,1.78,0.99,23.56,0.99
737005,2017,11,6,1,,,NA,1,0.6,2.18,0.8,2.2,5.8,0.4
737006,2017,11,7,1,,,NA,8.88,0,10.64,0,12.4,0,0
737007,2017,11,8,1,,,NA,1,0,1,0,0.6,0,0
737008,2017,11,9,1,,,NA,0,4.74,0,14.45,0,4.6,3.36
737009,2017,11,10,1,,,NA,0,6.48,0,2.97,0,4.78,4.53
737010,2017,11,11,1,,,NA,3.55,10.82,3.35,9.09,3.75,12.2,10.62
737011,2017,11,12,1,,,NA,55.71,0,37.1,0,53.14,0.4,0
737012,2017,11,13,0,,,NA,0.2,0,0.8,0,0.99,0.63,0
737013,2017,11,14,0,,,NA,0,0,0,0,0,0,0
737014,2017,11,15,0,,,NA,0,0,0,0,0,0,0
737015,2017,11,16,1,,,NA,NA,7.47,NA,27.42,NA,3.96,8.66
737016,2017,11,17,1,,,NA,NA,9.46,NA,11.85,NA,7.4,9.47
737017,2017,11,18,1,,,NA,NA,39.97,NA,41.48,NA,5.2,42.95
737018,2017,11,19,1,,,NA,NA,6.29,NA,6.3,NA,7.2,7.88
737019,2017,11,20,1,,,NA,NA,1,NA,1.59,NA,4.6,1.39
737020,2017,11,21,1,,,NA,NA,1.39,NA,1.39,NA,4.4,1.2
737021,2017,11,22,1,Desabamento,Inamar,NA,NA,8.87,NA,9.85,NA,4.6,8.48
737022,2017,11,23,1,Desabamento,Centro,NA,NA,1.59,NA,0.6,NA,3.6,0.4
737023,2017,11,24,1,,,NA,NA,0,NA,0,NA,3.2,0
737024,2017,11,25,1,,,NA,NA,0,NA,0,NA,2.6,0
737025,2017,11,26,1,,,NA,NA,3.54,NA,3.35,NA,2.4,3.34
737026,2017,11,27,1,Deslizamento,Campanario,NA,NA,54.47,NA,57.36,NA,2.6,54.75
737026,2017,11,27,1,Solapamento,Centro,NA,NA,54.47,NA,57.36,NA,2.6,54.75
737027,2017,11,28,1,Deslizamento,Eldorado,NA,NA,0.6,NA,0.4,NA,2.8,0.2
737028,2017,11,29,1,Deslizamento,Inamar,NA,NA,0,NA,0,NA,3,0
737029,2017,11,30,1,Desabamento,Eldorado,NA,NA,0,NA,0,NA,2.4,0
737029,2017,11,30,1,Desabamento,Conceicao,NA,NA,0,NA,0,NA,2.4,0
737029,2017,11,30,1,Desabamento,Eldorado,NA,NA,0,NA,0,NA,2.4,0
737030,2017,12,1,1,,,NA,1.19,2.56,0.99,0.59,1.77,2.6,0.2
737031,2017,12,2,1,,,NA,1.78,1.97,2.78,1.79,2.19,2.6,0.79
737032,2017,12,3,1,,,NA,0,0.2,0.2,0.2,0,2.4,0.2
737033,2017,12,4,1,Solapamento,Vila Nogueira,NA,0,0,0,0,0,2.4,0
737034,2017,12,5,1,,,NA,0,0,0,0,0,2.2,0
737035,2017,12,6,1,,,NA,0,0,0.4,0.2,0.2,2,0
737036,2017,12,7,1,,,NA,10.24,1.59,7.49,9.83,10.63,1.8,4.74
737037,2017,12,8,1,,,NA,5.32,10.23,3.35,4.33,11.87,2,9.27
737038,2017,12,9,1,,,NA,0.6,1.19,0.79,0.4,0.79,2,0.2
737039,2017,12,10,1,,,NA,0,0,0,0,0,1.8,0.2
737040,2017,12,11,1,Desabamento,Eldorado,NA,0,0,0,0,0,1.6,0
737041,2017,12,12,1,,,NA,0.6,0.4,1.4,1,1.2,1,0.4
737042,2017,12,13,0,,,NA,0,0,0,0,0,0.6,0
737043,2017,12,14,0,,,NA,0,0,0,0,0,0,0
737044,2017,12,15,0,,,NA,0,0,0.6,0,0.2,0,0
737045,2017,12,16,0,,,NA,0,0,0,0,0,0,0
737046,2017,12,17,0,,,NA,0,0,0,0,0,0,0
737047,2017,12,18,1,,,NA,1.78,2.18,0,0.98,1.18,2.58,4.55
737048,2017,12,19,0,,,NA,0,0,0,0,0,0,0
737049,2017,12,20,1,,,NA,6.29,2.35,16.83,9.26,3.93,2.95,8.45
737050,2017,12,21,1,,,NA,37.66,41.78,33.76,27.84,39.24,17.98,35.65
737051,2017,12,22,1,,,NA,0.99,0.8,0.6,1,1.19,2.2,1.57
737052,2017,12,23,1,,,NA,0,0,0,0,0,1.6,0
737053,2017,12,24,1,,,NA,0,0,0,0,0,1.4,0
737054,2017,12,25,1,,,NA,9.47,10.05,8.46,9.05,10.44,1.2,10.25
737055,2017,12,26,1,,,NA,3.94,4.14,1.19,2.76,2.37,1.6,3.75
737056,2017,12,27,1,Solapamento,Centro,NA,0,0.2,0.2,0.2,0,1.2,0.2
737057,2017,12,28,1,,,NA,1.2,1,1.4,1.39,1.79,1.4,0.4
737058,2017,12,29,1,,,NA,4.35,4.73,9.26,3.76,6.89,1.2,3.36
737059,2017,12,30,1,,,NA,16.38,14.81,24.04,18.73,20.1,1.2,11.04
737060,2017,12,31,1,,,NA,22.42,22.46,15.54,21.48,16.34,18.43,25.22
737061,2018,1,1,1,,,NA,0,0,0.2,0,0,9.13,0
737062,2018,1,2,1,,,NA,0,0,0,0,0,13.48,0
737063,2018,1,3,1,,,NA,2.57,2.97,7.29,4.33,5.34,2.8,7.29
737064,2018,1,4,0,,,NA,0,0,0,0,0,0.6,0
737065,2018,1,5,0,,,NA,0,0,0,0,0,0,0
737066,2018,1,6,0,,,NA,0,0,0,0.4,0,0,0.2
737067,2018,1,7,1,,,NA,11.26,11.25,13.82,12.27,13.22,9.73,12.44
737068,2018,1,8,1,,,NA,21.69,16.77,13.47,23.46,16.03,2.8,22.46
737069,2018,1,9,1,,,NA,2.8,2.8,4.95,3,4.95,2,2.6
737070,2018,1,10,1,,,NA,12.4,15.35,27.52,22.8,29.01,1.8,15.93
737071,2018,1,11,1,,,NA,0.2,0.2,1.19,0,0,1.8,0
737072,2018,1,12,1,,,NA,0,0,0,0.2,0,1.6,0
737073,2018,1,13,1,,,NA,0.4,0.4,0.2,0.2,0.2,1.4,0.4
737074,2018,1,14,1,,,NA,0.2,0,9.45,2.95,0.39,1.4,0
737075,2018,1,15,1,,,NA,0,0,0,0.2,0,1.4,0
737076,2018,1,16,1,,,NA,8.46,10.7,5.91,7.77,14.93,1,4.72
737077,2018,1,17,1,,,NA,19.1,18.32,9.83,14.74,9.43,1.4,19.71
737078,2018,1,18,1,,,NA,0.59,0.59,0.79,0.59,0.59,1.4,0.6
737079,2018,1,19,1,,,NA,13.82,5.31,5.12,19.64,3.93,1.2,0.79
737080,2018,1,20,1,,,NA,3.16,2.56,9.52,5.58,6.13,1.2,1.19
737081,2018,1,21,1,,,NA,0.4,0,0,0.2,0.59,1.4,0
737082,2018,1,22,1,,,NA,4.93,10.24,13.81,2.96,5.32,1.2,2.97
737083,2018,1,23,1,,,NA,10.25,6.51,5.92,13.78,9.07,1.2,17.96
737084,2018,1,24,1,,,NA,0,0,0,0,0,1.2,0
737085,2018,1,25,1,,,NA,0.2,0,0.2,0,0.2,1.2,0
737086,2018,1,26,1,,,NA,4.36,4.36,14.82,5.16,10.46,1,4.16
737087,2018,1,27,1,,,NA,0.8,0.8,1.6,1,1.2,1,0.6
737088,2018,1,28,1,,,NA,0,0,2.37,0.4,0.8,1,0
737089,2018,1,29,1,,,NA,25.76,28.31,38.31,17.95,28.32,1,23.25
737090,2018,1,30,1,,,NA,25.02,24.6,20.08,25.17,23.6,1.2,27.17
737091,2018,1,31,1,,,NA,0.79,0.59,0.59,0.4,0.4,1.2,0.8
737092,2018,2,1,1,,,NA,1.98,1.38,1.58,2.96,1.39,1.4,1.78
737093,2018,2,2,1,Desabamento,Centro,NA,0,0,0,0,0,2.8,0
737094,2018,2,3,1,,,NA,0,0.2,2.77,0,1.6,1.2,0
737095,2018,2,4,1,,,NA,0,0,0,0,0,1.8,0
737096,2018,2,5,1,,,NA,0.4,0.4,0.8,0.6,0.6,2.2,0.6
737097,2018,2,6,1,,,NA,1.2,1.2,1.8,1.6,1.4,2.4,1
737098,2018,2,7,1,,,NA,0,0,0,0,0,5.4,0
737099,2018,2,8,1,,,NA,0,0,0,0,0,4.39,0
737100,2018,2,9,1,,,NA,0,0,0,0,0,1.2,0
737101,2018,2,10,1,,,NA,2.36,3.74,1.38,0.99,1.97,2.58,6.3
737102,2018,2,11,1,,,NA,6.69,2.36,2.95,5.51,2.96,2.57,0.99
737103,2018,2,12,0,,,NA,0,0,0,0,0,0,0
737104,2018,2,13,1,,,NA,2.2,2,5.16,2.79,4.76,2.2,2.38
737105,2018,2,14,1,,,NA,6.35,6.92,8.31,6.16,8.13,6.55,5.36
737106,2018,2,15,1,,,NA,1.8,2.2,3.4,2.2,2.8,2.4,1.4
737107,2018,2,16,1,,,NA,0.4,0.6,1,1,1,0.8,0.4
737108,2018,2,17,0,,,NA,0,0,0,0,0,0,0
737109,2018,2,18,1,,,NA,1.59,1.59,4.33,1.98,3.16,1.4,0.8
737110,2018,2,19,0,,,NA,0.2,0,0,0.2,0,0,0
737111,2018,2,20,1,,,NA,4.37,3.34,1.97,3.95,2.95,3.74,2.56
737112,2018,2,21,0,,,NA,0.2,0,0,0,0,0,0
737113,2018,2,22,1,,,NA,2.37,2.76,1.58,2.56,1.38,2.36,2.16
737114,2018,2,23,0,,,NA,0,0,0.4,0,0.4,0,0
737115,2018,2,24,0,,,NA,0,0,0,0,0,0,0
737116,2018,2,25,0,,,NA,0,0,0,0,0,0,0
737117,2018,2,26,1,,,NA,25.37,25.18,32.53,42.53,25.95,25.19,35.12
737118,2018,2,27,1,,,NA,0,0.2,0.2,0.59,0,3.73,0
737119,2018,2,28,0,Solapamento,Canhema,NA,0,0,0,0,0,0,0
737120,2018,3,1,0,,,NA,0,0,0,0,0,0,0
737121,2018,3,2,1,,,NA,27.39,30.96,26.1,25.38,33.86,25.95,28.29
737122,2018,3,3,1,,,NA,1.4,2.97,1,1.2,1.2,7.19,1.98
737123,2018,3,4,1,,,NA,8.48,8.47,4.91,5.32,7.88,7.89,10.49
737124,2018,3,5,1,,,NA,2.97,2.36,15,3.16,4.72,2.57,1.77
737125,2018,3,6,1,,,NA,4.72,6.88,1.78,1.58,2.76,5.15,14.46
737126,2018,3,7,1,,,NA,4.36,1.38,17.26,7.11,11.29,2.6,0.2
737127,2018,3,8,1,,,NA,1.79,2.16,3.19,2.77,2.77,1.6,1.59
737128,2018,3,9,0,,,NA,0,0,0,0,0,0.6,0
737129,2018,3,10,1,,,NA,0.4,0.4,0.4,0.2,1.38,0.2,0
737130,2018,3,11,0,,,NA,0,0,0,0,0,0,0
737131,2018,3,12,0,,,NA,0,0,0,0,0,0,0
737132,2018,3,13,1,,,NA,6.1,3.54,4.93,4.73,5.52,3.78,9.47
737133,2018,3,14,1,,,NA,12.13,12.03,5.92,10.67,6.3,3.35,16.97
737134,2018,3,15,1,,,NA,21.46,20.07,21.27,18.09,21.65,9.38,21.45
737135,2018,3,16,1,,,NA,0,0,0,0,0,1.82,0
737136,2018,3,17,1,,,NA,0,0,0,0,0,1,0
737137,2018,3,18,0,,,NA,0,0,0,0,0,0.6,0
737138,2018,3,19,0,,,NA,0,0,0,0,0,0.6,0.2
737139,2018,3,20,1,Desabamento,Centro,NA,20.26,21.82,15.76,27.58,13.95,0.6,45.72
737140,2018,3,21,1,,,NA,2,1.8,2,1.8,2.39,0.8,1.4
737141,2018,3,22,1,,,NA,2.36,2.55,2.97,1.4,1.78,0.6,3.74
737142,2018,3,23,0,Desabamento,Canhema,NA,0,0.2,0.2,0.2,0.2,0.8,0
737143,2018,3,24,0,,,NA,0,0,0.2,0,0,0.8,0
737144,2018,3,25,0,,,NA,0,0,0,0,0,0.6,0
737145,2018,3,26,1,,,NA,9.72,17.51,23.01,1.38,3.74,0.6,9.65
737146,2018,3,27,1,,,NA,1.97,4.93,2.76,1.19,2.36,0.8,0.59
737147,2018,3,28,1,,,NA,5.52,6.13,12.4,10.24,10.04,0.8,11.83
737148,2018,3,29,1,,,NA,1.97,2.17,2.18,2.18,2.18,0.6,2.36
737149,2018,3,30,1,,,NA,13.97,20.91,25.99,10.25,14.96,1,21.25
737150,2018,3,31,1,,,NA,25.8,43.01,37.12,18.31,56.28,1,18.89
737151,2018,4,1,1,,,NA,0.4,0,0,1.78,0,7.18,0.4
737152,2018,4,2,1,,,NA,1.99,2.18,1.59,2.19,2.18,12.99,1.97
737153,2018,4,3,1,Deslizamento,Conceicao,NA,8.1,8.66,12,9.66,12.41,11.48,9.05
737154,2018,4,4,1,Deslizamento,Eldorado,NA,5.7,5.7,3.74,4.93,5.31,26.91,8.66
737155,2018,4,5,1,,,NA,0,0,0,0,0,6.13,0
737156,2018,4,6,0,,,NA,0,0,0,0,0,0,0
737157,2018,4,7,0,,,NA,0,0,0,0,0,0,0
737158,2018,4,8,0,,,NA,0,0,0,0,0,0,0
737159,2018,4,9,0,,,NA,0,0,0,0,0,0,0
737160,2018,4,10,0,,,NA,0,0,0,0,0,0,0
737161,2018,4,11,0,,,NA,0,0,0,0,0,0,0
737162,2018,4,12,0,,,NA,0,0,0,0,0,0,0
737163,2018,4,13,0,,,NA,0,0,0,0,0,0,0
737164,2018,4,14,0,,,NA,0,0,0,0.39,0,0,0
737165,2018,4,15,1,,,NA,37.42,39.38,37.6,39.97,34.68,30.16,42.72
737166,2018,4,16,1,,,NA,3.18,3.37,4.2,3.58,3.58,2,3.55
737167,2018,4,17,0,Desabamento,Canhema,NA,0,0,0,0,0,0.8,0
737168,2018,4,18,0,,,NA,0,0,0,0,0,0.8,0
737169,2018,4,19,0,,,NA,0,0,0,0,0,0.6,0
737170,2018,4,20,0,,,NA,0,0,0,0,0,0.4,0
737171,2018,4,21,0,,,NA,0,0,0,0,0,0.2,0
737172,2018,4,22,0,,,NA,0,0,0,0,0,0,0
737173,2018,4,23,0,,,NA,0,0,0,0,0,0,0
737174,2018,4,24,0,Solapamento,Casa Grande,NA,0,0,0,0,0,0,0
737175,2018,4,25,0,,,NA,0,0,0,0,0,0,0
737176,2018,4,26,0,,,NA,0,0,0,0,0,0,0
737177,2018,4,27,0,,,NA,0,0,0,0,0,0,0
737178,2018,4,28,0,,,NA,0,0,0,0,0,0,0
737179,2018,4,29,0,,,NA,0,0,0,0,0,0,0
737180,2018,4,30,0,,,NA,0,0,0,0,0,0,0
737181,2018,5,1,0,,,NA,0,0,0,0,0,0,0
737182,2018,5,2,0,,,NA,0,0,0,0,0,0,0
737183,2018,5,3,0,,,NA,0,0,0,0,0,0,0
737184,2018,5,4,0,,,NA,0,0,0,0,0,0,0
737185,2018,5,5,0,,,NA,0,0,0,0,0,0,0
737186,2018,5,6,0,,,NA,0,0,0,0,0,0,0
737187,2018,5,7,1,Alagamento,Centro,NA,0.8,0.79,0.8,0.79,1.38,0.79,2.19
737188,2018,5,8,0,,,NA,0,0,0,0,0,0,0
737189,2018,5,9,0,,,NA,0,0,0,0,0,0,0
737190,2018,5,10,0,,,NA,0,0,0,0,0,0,0
737191,2018,5,11,0,,,NA,0,0,0,0,0,0,0
737192,2018,5,12,0,,,NA,0,0,0,0,0,0,0
737193,2018,5,13,1,,,NA,1.2,1.2,1.6,0.6,1.2,1.6,0.6
737194,2018,5,14,0,,,NA,0,0,0,0,0,0,0
737195,2018,5,15,0,,,NA,0,0,0,0,0,0,0
737196,2018,5,16,0,,,NA,0,0,0,0,0,0,0
737197,2018,5,17,0,,,NA,0.4,0.4,0.2,0.4,0,0.2,0.2
737198,2018,5,18,0,,,NA,0,0,0,0,0,0,0
737199,2018,5,19,1,,,NA,24.13,23.68,14.57,26.76,21.84,16.8,17.4
737200,2018,5,20,1,,,NA,0,0,0,0,0,2.4,0
737201,2018,5,21,0,,,NA,0,0,0,0,0,0.2,0
737202,2018,5,22,0,,,NA,0,0,0,0,0.2,NA,0
737203,2018,5,23,0,,,NA,0,0,0,0,0,NA,0
737204,2018,5,24,0,Desabamento,Centro,NA,0,0,0,0,0,NA,0
737205,2018,5,25,0,,,NA,0,0,0,0,0,NA,0
737206,2018,5,26,0,,,NA,0,0,0,0,0,NA,0
737207,2018,5,27,0,,,NA,0,0,0,0,0,NA,0
737208,2018,5,28,0,,,NA,0,0,0,0,0,NA,0
737209,2018,5,29,0,,,NA,0,0,0,0,0,NA,0
737210,2018,5,30,0,,,NA,0,0,0,0,0,NA,0
737211,2018,5,31,0,,,NA,0,0,0,0,0,NA,0
737212,2018,6,1,0,,,NA,0,0,0,0,0,NA,0
737213,2018,6,2,0,,,NA,0,0,0,0,0,NA,0
737214,2018,6,3,1,,,NA,2.56,1.79,1.39,0.4,1.8,NA,1
737215,2018,6,4,1,,,NA,1,0.8,0.6,1.19,0.99,NA,0.4
737216,2018,6,5,0,,,NA,0.2,0.2,0.6,0.2,0.2,NA,0.59
737217,2018,6,6,0,,,NA,0,0,0,0,0,NA,0
737218,2018,6,7,1,,,NA,2.98,3.19,2.77,2.39,2.38,NA,3.18
737219,2018,6,8,1,,,NA,1.19,1.19,2.57,1.97,1.97,NA,0.8
737220,2018,6,9,0,,,NA,0,0,0,0,0,NA,0
737221,2018,6,10,0,,,NA,0,0,0,0,0,NA,0
737222,2018,6,11,0,,,NA,0,0,0,0,0,NA,0
737223,2018,6,12,0,,,NA,0,0,0,0,0,NA,0
737224,2018,6,13,1,,,NA,18.15,16.74,28.43,20.28,22.44,NA,17.11
737225,2018,6,14,1,,,NA,0.4,0.4,2.2,1.2,1.4,NA,0.2
737226,2018,6,15,0,Solapamento,Eldorado,NA,0.2,0.4,0.8,0.6,0.8,NA,0.2
737227,2018,6,16,0,,,NA,0.2,0.2,0.8,0.8,0.8,NA,0
737228,2018,6,17,1,,,NA,0.4,0.4,0.8,1,1,NA,0.4
737229,2018,6,18,0,,,NA,0,0,0.4,0.2,0.2,NA,0
737230,2018,6,19,0,,,NA,0,0,0,0,0,NA,0
737231,2018,6,20,0,,,NA,0,0,0,0,0,NA,0
737232,2018,6,21,0,,,NA,0,0,0,0,0,NA,0
737233,2018,6,22,0,,,NA,0,0,0,0,0,NA,0
737234,2018,6,23,0,,,NA,0,0,0,0,0,NA,0
737235,2018,6,24,0,,,NA,0,0,0,0,0,NA,0
737236,2018,6,25,0,,,NA,0,0,0,0,0,NA,0
737237,2018,6,26,0,,,NA,0,0,0,0,0,NA,0
737238,2018,6,27,0,,,NA,0,0,0,0,0,NA,0
737239,2018,6,28,0,,,NA,0,0,0,0,0,NA,0
737240,2018,6,29,0,,,NA,0,0,0,0,0,NA,0
737241,2018,6,30,0,,,NA,0,0,0,0,0,NA,0
737242,2018,7,1,0,,,NA,0,0,0,0,0,NA,0
737243,2018,7,2,0,,,NA,0,0,0,0,0,NA,0
737244,2018,7,3,0,,,NA,0,0.2,0.2,0,0.2,NA,0
737245,2018,7,4,0,,,NA,0,0,0.4,0.2,0.2,NA,0
737246,2018,7,5,0,,,NA,0,0,0,0.2,0.2,NA,0
737247,2018,7,6,0,,,NA,0,0,0,0,0,NA,0
737248,2018,7,7,0,,,NA,0,0,0,0,0,NA,0
737249,2018,7,8,0,,,NA,0,0,0,0,0,NA,0
737250,2018,7,9,0,,,NA,0,0,0,0,0,NA,0.2
737251,2018,7,10,0,,,NA,0.2,0.2,0.2,0.2,0.4,NA,0
737252,2018,7,11,0,,,NA,0,0.2,0,0.6,0.2,NA,0.2
737253,2018,7,12,0,,,NA,0,0,0,0,0,NA,0
737254,2018,7,13,0,,,NA,0,0,0,0,0,NA,0
737255,2018,7,14,0,,,NA,0,0,0,0,0,NA,0
737256,2018,7,15,0,,,NA,0,0,0,0,0,NA,0
737257,2018,7,16,0,,,NA,0,0,0,0,0,NA,0
737258,2018,7,17,0,,,NA,0,0,0,0,0,NA,0
737259,2018,7,18,0,Solapamento,Inamar,NA,0,0,0,0,0,NA,0
737260,2018,7,19,0,,,NA,0,0,0,0,0,NA,0
737261,2018,7,20,0,,,NA,0,0,0,0,0,NA,0
737262,2018,7,21,0,,,NA,0,0,0.2,0,0.2,NA,0
737263,2018,7,22,1,,,NA,0.6,0.6,1.4,0.8,0.8,NA,0.4
737264,2018,7,23,0,,,NA,0,0,0,0,0,NA,0
737265,2018,7,24,0,,,NA,0,0,0,0,0,NA,0
737266,2018,7,25,0,,,NA,0,0,0,0,0,NA,0
737267,2018,7,26,0,,,NA,0,0,0,0,0,NA,0
737268,2018,7,27,0,,,NA,0,0,0,0,0,NA,0
737269,2018,7,28,0,,,NA,0,0,0,0,0,NA,0
737270,2018,7,29,0,,,NA,0,0,0,0,0,NA,0
737271,2018,7,30,0,,,NA,0,0,0.6,0,0.4,NA,0
737272,2018,7,31,1,,,NA,19.29,19.49,17.35,19.71,21.49,NA,17.53
737273,2018,8,1,1,,,NA,3.97,4.15,3.57,4.37,4.36,NA,4.15
737274,2018,8,2,1,,,NA,3.58,3.76,2.78,3.36,3.17,NA,3.16
737275,2018,8,3,1,,,NA,13.27,13.08,12.29,12.68,13.25,NA,14.03
737276,2018,8,4,0,,,NA,0.2,0.2,0,0.2,0,NA,0.2
737277,2018,8,5,0,,,NA,0,0,0,0.2,0.2,NA,0
737278,2018,8,6,1,,,NA,10.31,10.12,10.7,10.69,11.26,NA,9.9
737279,2018,8,7,0,,,NA,0.2,0.2,0.2,0.2,0.2,NA,0
737280,2018,8,8,0,,,NA,0,0,0,0,0,NA,0
737281,2018,8,9,1,,,NA,1.79,2.17,2.39,1.59,1.59,NA,1.59
737282,2018,8,10,0,,,NA,0,0,0,0,0,NA,0
737283,2018,8,11,0,,,NA,0,0,0,0,0,NA,0
737284,2018,8,12,0,,,NA,0,0,0,0,0,NA,0
737285,2018,8,13,0,,,NA,0,0,0,0,0,NA,0
737286,2018,8,14,0,,,NA,0,0,0,0,0,NA,0
737287,2018,8,15,0,,,NA,0,0,0,0,0.2,NA,0
737288,2018,8,16,1,,,NA,0.8,0.6,1.8,1.59,1.4,NA,0.6
737289,2018,8,17,1,,,NA,2.6,2.39,5.19,3.8,3.59,NA,1.6
737290,2018,8,18,0,,,NA,0.2,0.2,0.8,0.2,0.4,NA,0
737291,2018,8,19,0,,,NA,0,0,0,0,0,NA,0
737292,2018,8,20,0,,,NA,0,0,0,0,0,NA,0
737293,2018,8,21,0,,,NA,0,0,0,0,0,NA,0
737294,2018,8,22,0,,,NA,0,0,0,0,0,NA,0
737295,2018,8,23,0,,,NA,0,0,0,0,0,NA,0
737296,2018,8,24,0,,,NA,0,0,0,0,0,NA,0
737297,2018,8,25,1,,,NA,7.48,7.88,8.47,7.09,0,NA,7.48
737298,2018,8,26,1,,,NA,0.8,0.8,1.8,1.8,0,NA,0.8
737299,2018,8,27,0,,,NA,0,0,0.4,0.2,NA,NA,0
737300,2018,8,28,0,,,NA,0,0,0,0,NA,NA,0
737301,2018,8,29,0,,,NA,0,0,0,0,NA,NA,0
737302,2018,8,30,0,,,NA,0,0,0,0,NA,NA,0
737303,2018,8,31,0,,,NA,0,0,0,0,NA,NA,0
737304,2018,9,1,0,,,NA,0,0,0,0,0,NA,0
737305,2018,9,2,0,,,NA,0,0,0,0,0.2,NA,0
737306,2018,9,3,1,,,NA,2.94,2.17,1.6,1.99,0,NA,1.97
737307,2018,9,4,1,,,NA,1.4,1.79,1.97,2.57,0,NA,1.58
737308,2018,9,5,1,,,NA,2.18,1.19,4.16,1.6,0,NA,1.78
737309,2018,9,6,0,,,NA,0,0,0,0.2,0,NA,0
737310,2018,9,7,0,,,NA,0,0,0,0,0,NA,0
737311,2018,9,8,0,,,NA,0,0,0,0,0,NA,0
737312,2018,9,9,0,,,NA,0,0,0,0,0,NA,0
737313,2018,9,10,0,Desabamento,Inamar,NA,0,0,0,0,0,NA,0
737314,2018,9,11,0,,,NA,0,0,0,0,0.2,NA,0
737315,2018,9,12,0,,,NA,0,0,0.2,0,0,NA,0
737316,2018,9,13,0,,,NA,0,0,0,0,0,NA,0
737317,2018,9,14,1,,,NA,29.48,27.92,28.74,27.56,0,NA,30.69
737318,2018,9,15,0,,,NA,0.2,0.2,0.2,0.79,0,NA,0.2
737319,2018,9,16,0,,,NA,0,0.2,0.4,0.2,0,NA,0
737320,2018,9,17,1,,,NA,1,1.2,1.2,1.4,0,NA,1
737321,2018,9,18,0,Desabamento,Taboao,NA,0,0,0,0,NA,NA,0
737322,2018,9,19,0,,,NA,0,0,0,0,NA,NA,0
737323,2018,9,20,1,,,NA,13.21,19.45,6.12,8.86,NA,NA,24.64
737324,2018,9,21,1,Desabamento,Eldorado,NA,5.12,3.96,4.17,5.13,NA,NA,4.92
737324,2018,9,21,1,Deslizamento,Eldorado,NA,5.12,3.96,4.17,5.13,NA,NA,4.92
737325,2018,9,22,0,,,NA,0,0,0,0,NA,NA,0
737326,2018,9,23,0,,,NA,0,0,0,0,NA,NA,0
737327,2018,9,24,0,,,NA,0,0,0,0,NA,NA,0
737328,2018,9,25,0,,,NA,0,0,0,0,NA,NA,0
737329,2018,9,26,0,Desabamento,Inamar,NA,0,0,0,0,NA,NA,0
737330,2018,9,27,1,,,NA,1.59,1.57,2.97,2.17,NA,NA,1.18
737331,2018,9,28,1,,,NA,0.8,1,1.4,0.8,NA,NA,0.4
737332,2018,9,29,1,,,NA,0.6,0.99,1.4,0.6,NA,NA,0.4
737333,2018,9,30,1,,,NA,34.92,38.52,60.17,28.57,NA,NA,35.36
737334,2018,10,1,0,,,NA,0.4,0.6,0.2,0.6,NA,NA,0.6
737335,2018,10,2,0,,,NA,0,0,0,0,NA,NA,0
737336,2018,10,3,1,,,NA,1,1.38,1.4,0.8,NA,NA,1.19
737337,2018,10,4,1,,,NA,0,0.2,1,0.4,NA,NA,0
737338,2018,10,5,1,,,NA,0.4,0.6,1.8,0.6,NA,NA,0.2
737339,2018,10,6,1,,,NA,0.99,1.2,2.59,1.2,NA,NA,2.96
737340,2018,10,7,1,,,NA,3.94,5.12,0.8,1.2,NA,NA,2.38
737341,2018,10,8,1,,,NA,4.78,4.39,6.58,4.59,NA,NA,4.38
737342,2018,10,9,1,,,NA,8.48,7.53,5.93,7.93,NA,NA,9.47
737343,2018,10,10,1,,,NA,3.34,4.14,0.99,10.44,NA,NA,1
737344,2018,10,11,1,,,NA,1.2,1.2,5,2.8,NA,NA,0.6
737345,2018,10,12,0,,,NA,0.2,0.2,0.6,0.4,NA,NA,0.2
737346,2018,10,13,1,,,NA,12.05,13.27,7.7,10.04,NA,NA,8.86
737347,2018,10,14,1,,,NA,0.8,0.6,1.79,0.6,NA,NA,0.6
737348,2018,10,15,1,,,NA,10.44,10.9,8.08,9.26,NA,NA,12.6
737349,2018,10,16,0,,,NA,0.8,0.99,0.4,0.8,NA,NA,0.79
737350,2018,10,17,1,,,NA,16.16,14.96,4.13,4.52,NA,NA,34.02
737351,2018,10,18,1,,,NA,10.43,8.48,33.2,28.49,NA,NA,11.42
737352,2018,10,19,1,,,NA,1.19,1.6,2.39,2.39,NA,NA,1.19
737353,2018,10,20,1,,,NA,2.8,3.2,5.17,3.19,NA,NA,2.2
737354,2018,10,21,0,,,NA,0,0,0,0,NA,NA,0
737355,2018,10,22,0,Desabamento,Eldorado,NA,0,0,0,0,NA,NA,0
737356,2018,10,23,0,,,NA,0.6,0.79,0,0,NA,NA,0.2
737357,2018,10,24,1,,,NA,12.41,14.59,14.2,12.06,NA,NA,13.18
737358,2018,10,25,1,,,NA,7.15,6.57,10.08,8.52,NA,NA,6.16
737359,2018,10,26,0,,,NA,0.6,0.8,0.8,0.8,NA,NA,0.6
737360,2018,10,27,1,,,NA,10.26,10.65,11.03,9.28,NA,NA,10.06
737361,2018,10,28,1,,,NA,1,1.6,1.8,1.4,NA,NA,1.2
737362,2018,10,29,0,,,NA,0,0,0.6,0,NA,NA,0.2
737363,2018,10,30,0,,,NA,0,0,0,0,NA,NA,0
737364,2018,10,31,1,,,NA,3.17,3.16,4.74,3.75,NA,NA,2.37
737365,2018,11,1,0,,,NA,0,0.2,0,0,0,NA,0
737366,2018,11,2,0,,,NA,0,0,0.2,0,0,NA,0
737367,2018,11,3,1,,,NA,5.92,4.33,4.34,6.1,NA,NA,3.14
737368,2018,11,4,1,,,NA,0.6,0.8,1.6,0.6,NA,NA,0.79
737369,2018,11,5,0,Desabamento,Casa Grande,NA,0,0,0.4,0,NA,NA,0
737370,2018,11,6,0,,,NA,0.2,0,0,0,NA,NA,0
737371,2018,11,7,0,,,NA,0,0,0,0.2,NA,NA,0
737372,2018,11,8,1,,,NA,0.6,0.6,NA,1.4,NA,NA,0.2
737373,2018,11,9,0,Deslizamento,Campanario,NA,0,0,NA,0,NA,NA,0
737374,2018,11,10,1,,,NA,1,1.99,NA,1.2,NA,NA,6.49
737375,2018,11,11,0,,,NA,0,0.2,NA,0,NA,NA,0
737376,2018,11,12,0,,,NA,0,0,NA,0,NA,NA,0
737377,2018,11,13,0,,,NA,0.2,0,NA,0,NA,NA,0
737378,2018,11,14,1,,,NA,7.68,3.15,NA,0.2,NA,NA,3.15
737379,2018,11,15,0,,,NA,0,0,NA,0.2,NA,NA,0
737380,2018,11,16,0,,,NA,0.2,0.2,NA,0.4,NA,NA,0
737381,2018,11,17,0,,,NA,0,0,NA,0,NA,NA,0
737382,2018,11,18,1,,,NA,8.28,7.08,NA,9.46,NA,NA,9.66
737383,2018,11,19,1,,,NA,31.16,32.72,NA,27.39,NA,NA,35.03
737384,2018,11,20,0,,,NA,0,0.2,NA,0,NA,NA,0.2
737385,2018,11,21,0,,,NA,0,0,NA,0.2,NA,NA,0
737386,2018,11,22,0,,,NA,0,0.2,NA,0.79,NA,NA,0
737387,2018,11,23,1,,,NA,17.71,7.33,NA,47.02,NA,NA,0
737388,2018,11,24,1,,,NA,10.21,10.81,NA,9.06,NA,NA,0
737389,2018,11,25,1,,,NA,16.1,15.75,NA,16.32,NA,NA,NA
737390,2018,11,26,0,Alagamento,Eldorado,NA,0.2,0.2,NA,0.2,NA,NA,NA
737391,2018,11,27,0,,,NA,0,0,NA,0,NA,NA,NA
737392,2018,11,28,0,,,NA,0,0,NA,0,NA,NA,NA
737393,2018,11,29,1,,,NA,26.73,24.61,NA,25.81,NA,NA,NA
737394,2018,11,30,1,,,NA,5.1,15.57,NA,19.13,NA,NA,NA
737395,2018,12,1,1,,,NA,45.31,40.52,NA,37.21,0,NA,NA
737396,2018,12,2,0,,,NA,0,0,NA,0,0,NA,NA
737397,2018,12,3,1,Alagamento,Taboao,NA,2,2.2,NA,2.58,0,NA,NA
737398,2018,12,4,0,,,NA,0,0,NA,0.2,NA,NA,NA
737399,2018,12,5,0,,,NA,0,0,NA,0,NA,NA,NA
737400,2018,12,6,0,,,NA,0,0,NA,0,NA,NA,NA
737401,2018,12,7,0,,,NA,0,0.6,NA,0,NA,NA,NA
737402,2018,12,8,1,,,NA,3.2,3.8,NA,3.79,NA,NA,NA
737403,2018,12,9,0,,,NA,0,0,NA,0,NA,NA,NA
737404,2018,12,10,0,,,NA,0,0,NA,0,NA,NA,NA
737405,2018,12,11,0,,,NA,0,0,NA,0,NA,NA,NA
737406,2018,12,12,1,,,NA,4.71,0.2,NA,0.4,NA,NA,NA
737407,2018,12,13,1,,,NA,6.89,11.67,NA,0,NA,NA,NA
737408,2018,12,14,0,,,NA,0,0.2,NA,0,NA,NA,NA
737409,2018,12,15,1,,,NA,3.54,2.8,NA,17.27,NA,NA,NA
737410,2018,12,16,0,,,NA,0,0,NA,0,NA,NA,NA
737411,2018,12,17,0,,,NA,0,0,NA,0,NA,NA,NA
737412,2018,12,18,1,,,NA,6.12,7.55,NA,9.07,NA,NA,NA
737413,2018,12,19,1,,,NA,2.2,1.4,NA,1.4,NA,NA,NA
737414,2018,12,20,0,,,NA,0,0.2,NA,0,NA,NA,NA
737415,2018,12,21,0,,,NA,0,0,NA,0,NA,NA,NA
737416,2018,12,22,1,,,NA,1.59,1.39,NA,3.16,NA,NA,NA
737417,2018,12,23,1,,,NA,17,13.68,NA,15.96,NA,NA,NA
737418,2018,12,24,1,,,NA,12.24,15.81,NA,4.16,NA,NA,NA
737419,2018,12,25,0,,,NA,0,0.2,NA,0,NA,NA,NA
737420,2018,12,26,0,,,NA,0,0,NA,0,NA,NA,NA
737421,2018,12,27,0,,,NA,0,0,NA,0,NA,NA,NA
737422,2018,12,28,1,,,NA,6.68,5.95,NA,7.29,NA,NA,NA
737423,2018,12,29,0,,,NA,0,0,NA,0,NA,NA,NA
737424,2018,12,30,0,,,NA,0,0,NA,0,NA,NA,NA
737425,2018,12,31,0,,,NA,0,0,NA,0,NA,NA,NA
